S.No.,Favorite,Farmland Estate Name,District,State,Location / Tehsil,Distance Ring,Actual Road Distance (km),Driving Time,Origin Reference Landmark,Aerial Distance (km),Parcel Size (Acres),Pakka Bigha,Biswa,Kattha,Area (sq.m),Rate / Acre (₹ Lakhs),Total Ticket Price (₹ Cr),Elevation (m MSL),Soil Classification,Soil pH,Organic Carbon (%),Water Source,Groundwater Depth (ft),Water Salinity TDS (ppm),Drip Irrigation,Power Supply,High-Value & Exotic Crops,Horticulture Fruits,Cash Crops & Staples,Est Annual Agro Yield (₹ Lakhs),Due Diligence Score,Legal Grade,Critique AI Risk Score,Critique AI Risk Verdict,Negative Feedbacks & Red Flags,Govt Verification Records,UP Bhulekh Section 34 Mutation,IGRSUP 12-Year Encumbrance,CGRMS Jansunwai Status,Khasra / Khatauni Number,Title Status,Revenue Record Type,Farmhouse Permission,Road Frontage,Fencing,Sourcing Provenance,Published News Headline,Published News Platform / Source,Publication Date,Legal Notice Type,News Verification Link,Google Maps Turn-by-Turn URL,Google Satellite Search URL,Seller Category,Contact Person,Contact Phone,WhatsApp Direct Link,Sentinel-2 NDVI,Crop Classification ML,Classification Confidence (%),Scan Freshness Timestamp
1,NO,Shivpur - Tarna Urban Peripheral Organic Farmland & Nursery,Varanasi,Uttar Pradesh,"Tarna - Shivpur Agro Perimeter, Varanasi District",Within 20 km,4.1,8 mins,Kacheri Varanasi near Varuna Pul (Collectorate / Court),3.29,2.0,3.2,64.0,64.0,8093.7,44.0,0.88,78,Alluvial Silt Loam with High Organic Matter,7.1,0.95,Dedicated Municipal Agro-Borewell,193,240,Installed ✅,Dedicated 3-Phase Agro Line,Teakwood Perimeter & High-Density Amla Plantation,Allahabad Surkha Guava & Sweet Lime (Mosambi),"Black Gram (Urad), Lentils & Pearl Millet",9.5,100,A+ Sovereign Grade,100,🟢 PRISTINE: Zero Structural Negative Caveats Detected,"✅ Clean Environmental & Legal Audit: Clear alluvial soil profile, sweet perennial aquifer, unencumbered title, and direct paved road right-of-way.",UP Bhulekh Section 34 Certified • IGRSUP 12-Yr Clear • Zero Jansunwai Disputes,UP Bhulekh Portal (Khatauni 12-Column Record Verified - Khasra 78/1),IGRSUP (UP Stamp & Registration) 12-Year Barah Sala Certificate #2020973: No subsisting registered mortgages or court attachments,"CGRMS Jansunwai Citizen Grievance Portal: Zero pending public nuisance or land encroachment disputes registered against Khasra Khatauni #00122, Khasra 78/1","Khatauni #00122, Khasra 78/1",Freehold Clear Title,UP Bhulekh Certified Khatauni,Allowed (Green Nursery Office & Storage),18-ft Paved Bitumen Road Frontage,Full Chain-Link Perimeter & Gated Entry,Tier 1: Government Land Registry,Varanasi Gazette: 30-Day Mutation & Title Caveat Cleared (Dispute-Free) - Shivpur - Tarna Urban Peripheral Organ...,UP Bhulekh Official Revenue Portal,12 Oct 2026,30-Day Mutation & Title Caveat Cleared (Dispute-Free),https://upbhulekh.gov.in/,"https://www.google.com/maps/dir/?api=1&origin=25.33750,82.98150&destination=25.35600,82.95600&travelmode=driving","https://www.google.com/maps/search/?api=1&query=25.35600,82.95600+(Shivpur+-+Tarna+Urban+Peripheral+Organic+Farmland+&+Nursery)",Direct Landowner / Farmer,Kishore Kumar Verma,+91 94153 08722,https://wa.me/919415308722?text=Interested%20in%20Shivpur%20-%20Tarna%20Urban%20Peripheral%20Organic%20Farmland%20&%20Nursery,0.714,Teakwood Perimeter & High-Density Amla Plantation,90.4,"03 Oct 2026, 19:45 IST"
2,NO,Chitaipur - DLW Agro Corridor Polyhouse & Floriculture Parcel,Varanasi,Uttar Pradesh,"Chitaipur Outer Ring Road Link, Varanasi District",Within 20 km,8.8,16 mins,Kacheri Varanasi near Varuna Pul (Collectorate / Court),7.23,2.5,4.0,80.0,80.0,10117.1,38.0,0.95,78,Deep Gangetic Alluvial Silt Loam,7.2,0.88,Submersible Deep Borewell (180 ft),205,290,Installed ✅,Dedicated 3-Phase Agro Line,Commercial Dragonfruit & Taiwanese Pink Guava Polyhouse,Banarasi Langra Mango Orchard & Seedless Lemon,Seasonal Export-Quality Green Vegetables & Baby Corn,12.0,100,A+ Sovereign Grade,96,🟢 PRISTINE: Zero Structural Negative Caveats Detected,ℹ️ Moderate Aquifer Mineralization (290 ppm): Sweet water suitable for native horticulture; drip emitters require bi-monthly flushing.,UP Bhulekh Section 34 Certified • IGRSUP 12-Yr Clear • Zero Jansunwai Disputes,UP Bhulekh Portal (Khatauni 12-Column Record Verified - Khasra 89/2),IGRSUP (UP Stamp & Registration) 12-Year Barah Sala Certificate #2026992: No subsisting registered mortgages or court attachments,"CGRMS Jansunwai Citizen Grievance Portal: Zero pending public nuisance or land encroachment disputes registered against Khasra Khatauni #00412, Khasra 89/2","Khatauni #00412, Khasra 89/2",Freehold / 100% Mutation Cleared,Certified Khatauni & 12-Yr Barah Sala,Permissible (Up to 12.5% Agro-Structure Coverage),18-ft Paved Bitumen Road Frontage,Full Chain-Link Perimeter & Gated Entry,Tier 1: Government Land Registry,Varanasi Gazette: PM-KUSUM Solar Tubewell Energization Gazette - Chitaipur - DLW Agro Corridor Polyhous...,Amar Ujala Kashi Bulletin,05 Oct 2026,PM-KUSUM Solar Tubewell Energization Gazette,https://epaper.amarujala.com/varanasi,"https://www.google.com/maps/dir/?api=1&origin=25.33750,82.98150&destination=25.27850,82.95120&travelmode=driving","https://www.google.com/maps/search/?api=1&query=25.27850,82.95120+(Chitaipur+-+DLW+Agro+Corridor+Polyhouse+&+Floriculture+Parcel)",Direct Landowner / Farmer,Pandit Harishankar Tripathi,+91 94152 48901,https://wa.me/919415248901?text=Interested%20in%20Chitaipur%20-%20DLW%20Agro%20Corridor%20Polyhouse%20&%20Floriculture%20Parcel,0.814,Commercial Dragonfruit & Taiwanese Pink Guava Polyhouse,88.9,"03 Oct 2026, 19:45 IST"
3,NO,Lohta - Chandpur High-Yield Agroforestry & Timber Estate,Varanasi,Uttar Pradesh,"Lohta Rural Perimeter, Varanasi District",Within 20 km,9.7,18 mins,Kacheri Varanasi near Varuna Pul (Collectorate / Court),7.6,4.0,6.4,128.0,128.0,16187.4,27.5,1.1,78,Sandy Alluvial Loam,6.9,0.79,Private Deep Borewell + Perennial Pond,207,260,Not Installed,Dedicated 3-Phase Agro Line,Teakwood Perimeter & High-Density Amla Plantation,Allahabad Surkha Guava & Sweet Lime (Mosambi),"Black Gram (Urad), Lentils & Pearl Millet",9.5,100,A+ Sovereign Grade,100,🟢 PRISTINE: Zero Structural Negative Caveats Detected,"✅ Clean Environmental & Legal Audit: Clear alluvial soil profile, sweet perennial aquifer, unencumbered title, and direct paved road right-of-way.",UP Bhulekh Section 34 Certified • IGRSUP 12-Yr Clear • Zero Jansunwai Disputes,UP Bhulekh Portal (Khatauni 12-Column Record Verified - Khasra 112/3),IGRSUP (UP Stamp & Registration) 12-Year Barah Sala Certificate #2016499: No subsisting registered mortgages or court attachments,"CGRMS Jansunwai Citizen Grievance Portal: Zero pending public nuisance or land encroachment disputes registered against Khasra Khatauni #00319, Khasra 112/3","Khatauni #00319, Khasra 112/3",Clear Title / Single Owner Patta,Certified UP Bhulekh RTC,Standard Agro-Structure (10%),18-ft Paved Bitumen Road Frontage,Full Chain-Link Perimeter & Gated Entry,Tier 4: Social / Video Direct Lead,Varanasi Gazette: Direct Landowner 12-Year Barah Sala Certified Freehold - Lohta - Chandpur High-Yield Agroforest...,Purvanchal Agro-Forestry & Sandalwood Mission,04 Oct 2026,Direct Landowner 12-Year Barah Sala Certified Freehold,https://forest.up.gov.in/,"https://www.google.com/maps/dir/?api=1&origin=25.33750,82.98150&destination=25.30500,82.91500&travelmode=driving","https://www.google.com/maps/search/?api=1&query=25.30500,82.91500+(Lohta+-+Chandpur+High-Yield+Agroforestry+&+Timber+Estate)",Direct Landowner / Farmer,Dinesh Kumar Yadav,+91 94511 67230,https://wa.me/919451167230?text=Interested%20in%20Lohta%20-%20Chandpur%20High-Yield%20Agroforestry%20&%20Timber%20Estate,0.755,Teakwood Perimeter & High-Density Amla Plantation,94.1,"03 Oct 2026, 19:45 IST"
4,NO,Kashi Vishwanath Ring Road Phase-2 High-Speed Agro-Park,Varanasi,Uttar Pradesh,"Ring Road Phase-2 Junction, Sandaha / Cholapur Border, Varanasi",Within 20 km,7.7,14 mins,Kacheri Varanasi near Varuna Pul (Collectorate / Court),6.28,4.5,7.2,144.0,144.0,18210.9,36.0,1.62,78,Deep Bangar Loam,7.3,0.81,Deep Submersible + Ring Road Agro Feeder,211,295,Installed ✅,Dedicated 3-Phase Agro Line,"Organic Medicinal Ashwagandha, Lemongrass & Floriculture",Papaya (Red Lady 786) & Pomegranate (Bhagwa),Basmati Rice & Golden Gram,11.0,100,A+ Sovereign Grade,96,🟢 PRISTINE: Zero Structural Negative Caveats Detected,ℹ️ Moderate Aquifer Mineralization (295 ppm): Sweet water suitable for native horticulture; drip emitters require bi-monthly flushing.,UP Bhulekh Section 34 Certified • IGRSUP 12-Yr Clear • Zero Jansunwai Disputes,UP Bhulekh Portal (Khatauni 12-Column Record Verified - Khasra 512/2),IGRSUP (UP Stamp & Registration) 12-Year Barah Sala Certificate #2024078: No subsisting registered mortgages or court attachments,"CGRMS Jansunwai Citizen Grievance Portal: Zero pending public nuisance or land encroachment disputes registered against Khasra Khatauni #00194, Khasra 512/2","Khatauni #00194, Khasra 512/2",Freehold / 100% Unencumbered,Certified UP Bhulekh & Sub-Registrar Clean Search,Permissible (Up to 15% Green Farmhouse),18-ft Paved Bitumen Road Frontage,Full Chain-Link Perimeter & Gated Entry,Tier 2: Bank Distress / SARFAESI Auction,Varanasi Gazette: Purvanchal Horticulture Export Hub Approved Estate - Kashi Vishwanath Ring Road Phase-2 Hig...,Purvanchal Agro-Forestry & Sandalwood Mission,04 Sep 2026,Purvanchal Horticulture Export Hub Approved Estate,https://forest.up.gov.in/,"https://www.google.com/maps/dir/?api=1&origin=25.33750,82.98150&destination=25.37200,83.03100&travelmode=driving","https://www.google.com/maps/search/?api=1&query=25.37200,83.03100+(Kashi+Vishwanath+Ring+Road+Phase-2+High-Speed+Agro-Park)",Verified Agricultural Broker,Alok Ranjan Tiwari,+91 98890 44521,https://wa.me/919889044521?text=Interested%20in%20Kashi%20Vishwanath%20Ring%20Road%20Phase-2%20High-Speed%20Agro-Park,0.726,"Organic Medicinal Ashwagandha, Lemongrass & Floriculture",91.6,"03 Oct 2026, 19:45 IST"
5,NO,Sarnath Holy Heritage Organic Agro-Plot (Kashi / Banaras Ring Road),Varanasi,Uttar Pradesh,"Near Sarnath Deer Park / Ring Road Phase-1, Varanasi",Within 20 km,8.9,17 mins,Kacheri Varanasi near Varuna Pul (Collectorate / Court),7.32,1.0,1.6,32.0,32.0,4046.9,95.0,0.95,80,Fine Gangetic Loam with high organic bio-matter (Zero Chemical Residue),7.2,0.95,Solar-powered deep borewell with RO sweet drinking water test certificate,60,195,Installed ✅,5kW Off-Grid Rooftop Solar System + 3-Phase Grid Connection,Export Polyhouse Dutch Roses & Hydroponic Greens,Litchi & High-Density Guava,"Mustard, Wheat & Chickpeas",16.0,100,A+ Sovereign Grade,100,🟢 PRISTINE: Zero Structural Negative Caveats Detected,"✅ Clean Environmental & Legal Audit: Clear alluvial soil profile, sweet perennial aquifer, unencumbered title, and direct paved road right-of-way.",UP Bhulekh Section 34 Certified • IGRSUP 12-Yr Clear • Zero Jansunwai Disputes,"UP Bhulekh Portal (Khatauni 12-Column Record Verified - Khasra No. 84/3, Khatauni Khata No. 29)",IGRSUP (UP Stamp & Registration) 12-Year Barah Sala Certificate #2022740: No subsisting registered mortgages or court attachments,"CGRMS Jansunwai Citizen Grievance Portal: Zero pending public nuisance or land encroachment disputes registered against Khasra Khasra No. 84/3, Khatauni Khata No. 29","Khasra No. 84/3, Khatauni Khata No. 29","Freehold Registered Sale Deed, Single Owner, Zero Non-Agri Conversion Restrictions","UP Bhulekh Digital Khatauni with Barcode, Clean Mutation",Pre-approved for traditional brick & tile eco-cottage,"20-ft Metalled approach road, 800m from Varanasi Ring Road Phase-1 exit",Live bio-fencing of Mehandi & Bougainvillea reinforced with GI mesh wire,Tier 1: Government Land Registry,Varanasi Gazette: SARFAESI Sec 13(4) Bank Recovery E-Auction Notice - Sarnath Holy Heritage Organic Agro-Plo...,Bank of Baroda Eastern UP Agro Recovery Notice,17 Sep 2026,SARFAESI Sec 13(4) Bank Recovery E-Auction Notice,https://www.bankofbaroda.in/eauction,"https://www.google.com/maps/dir/?api=1&origin=25.33750,82.98150&destination=25.38500,83.03200&travelmode=driving","https://www.google.com/maps/search/?api=1&query=25.38500,83.03200+(Sarnath+Holy+Heritage+Organic+Agro-Plot+(Kashi+/+Banaras+Ring+Road))",Direct Owner / Farmer,Virendra Maurya (Certified Organic Grower),+91 94511 67239,https://wa.me/919451167239?text=Interested%20in%20Sarnath%20Holy%20Heritage%20Organic%20Agro-Plot%20(Kashi%20/%20Banaras%20Ring%20Road),0.815,Export Polyhouse Dutch Roses & Hydroponic Greens,89.8,"03 Oct 2026, 19:45 IST"
6,NO,Harhua - Babatpur Agro-Highway Mixed Horticultural Ranch,Varanasi,Uttar Pradesh,"Harhua Block, NH-56 Airport Highway, Varanasi",Within 20 km,10.4,20 mins,Kacheri Varanasi near Varuna Pul (Collectorate / Court),8.52,3.8,6.08,121.6,121.6,15378.1,35.0,1.33,78,Rich Bangar Alluvium (High Phosphorus),7.1,0.85,Canal Lift Scheme & Dedicated 15 HP Tubewell,212,275,Installed ✅,Dedicated 3-Phase Agro Line,Certified Sandalwood (Chandan) & Hass Avocado Plantation,VNR Bihi Giant Guava & Malihabad Dussehri Mango,"Kala Namak Scented Rice, Organic Mustard & Wheat",14.5,100,A+ Sovereign Grade,100,🟢 PRISTINE: Zero Structural Negative Caveats Detected,"✅ Clean Environmental & Legal Audit: Clear alluvial soil profile, sweet perennial aquifer, unencumbered title, and direct paved road right-of-way.",UP Bhulekh Section 34 Certified • IGRSUP 12-Yr Clear • Zero Jansunwai Disputes,UP Bhulekh Portal (Khatauni 12-Column Record Verified - Khasra 288/1),IGRSUP (UP Stamp & Registration) 12-Year Barah Sala Certificate #2021758: No subsisting registered mortgages or court attachments,"CGRMS Jansunwai Citizen Grievance Portal: Zero pending public nuisance or land encroachment disputes registered against Khasra Khatauni #00561, Khasra 288/1","Khatauni #00561, Khasra 288/1",Freehold / Clean Statutory Khatauni,12-Year Barah Sala Certified,Permissible with Boundary Enclosure,18-ft Paved Bitumen Road Frontage,Full Chain-Link Perimeter & Gated Entry,Tier 1: Government Land Registry,Varanasi Gazette: UP Bhulekh Section 34 Dakhil-Kharij Certified RTC - Harhua - Babatpur Agro-Highway Mixed H...,Dainik Jagran Varanasi Edition,09 Sep 2026,UP Bhulekh Section 34 Dakhil-Kharij Certified RTC,https://epaper.jagran.com/epaper/city/varanasi,"https://www.google.com/maps/dir/?api=1&origin=25.33750,82.98150&destination=25.38500,82.91500&travelmode=driving","https://www.google.com/maps/search/?api=1&query=25.38500,82.91500+(Harhua+-+Babatpur+Agro-Highway+Mixed+Horticultural+Ranch)",Direct Landowner / Farmer,Om Prakash Upadhyay,+91 97920 33411,https://wa.me/919792033411?text=Interested%20in%20Harhua%20-%20Babatpur%20Agro-Highway%20Mixed%20Horticultural%20Ranch,0.817,Certified Sandalwood (Chandan) & Hass Avocado Plantation,90.8,"03 Oct 2026, 19:45 IST"
7,NO,Araziline - Gangapur Sweet Corn & Exotic Veggie Agro-Plot,Varanasi,Uttar Pradesh,"Araziline Block, Near Gangapur Town, Varanasi District",Within 20 km,16.1,23 mins,Kacheri Varanasi near Varuna Pul (Collectorate / Court),12.6,2.5,4.0,80.0,80.0,10117.1,42.0,1.05,79,Gangetic Clayey Loam,7.2,0.85,Canal Distributary & Dedicated Tubewell,197,220,Installed ✅,Dedicated 3-Phase Agro Line,Certified Sandalwood (Chandan) & Hass Avocado Plantation,VNR Bihi Giant Guava & Malihabad Dussehri Mango,"Kala Namak Scented Rice, Organic Mustard & Wheat",14.5,70,B Bankable with Minor Covenants,100,🟢 PRISTINE: Zero Structural Negative Caveats Detected,"✅ Clean Environmental & Legal Audit: Clear alluvial soil profile, sweet perennial aquifer, unencumbered title, and direct paved road right-of-way.",UP Bhulekh Section 34 Certified • IGRSUP 12-Yr Clear • Zero Jansunwai Disputes,UP Bhulekh Portal (Khatauni 12-Column Record Verified - Khasra 214/1 (Tehsil Rajatalab)),IGRSUP (UP Stamp & Registration) 12-Year Barah Sala Certificate #2015316: No subsisting registered mortgages or court attachments,CGRMS Jansunwai Citizen Grievance Portal: Zero pending public nuisance or land encroachment disputes registered against Khasra Khatauni 00554 / Khasra 214/1 (Tehsil Rajatalab),Khatauni 00554 / Khasra 214/1 (Tehsil Rajatalab),Freehold Cleared,UP Bhulekh Digital Khatauni,Up to 10% permissible,18-ft Paved Bitumen Road Frontage,Full Chain-Link Perimeter & Gated Entry,Tier 1: Government Land Registry,Varanasi Gazette: 30-Day Mutation & Title Caveat Cleared (Dispute-Free) - Araziline - Gangapur Sweet Corn & Exot...,Purvanchal Agro-Forestry & Sandalwood Mission,08 Oct 2026,30-Day Mutation & Title Caveat Cleared (Dispute-Free),https://forest.up.gov.in/,"https://www.google.com/maps/dir/?api=1&origin=25.33750,82.98150&destination=25.26000,82.89000&travelmode=driving","https://www.google.com/maps/search/?api=1&query=25.26000,82.89000+(Araziline+-+Gangapur+Sweet+Corn+&+Exotic+Veggie+Agro-Plot)",Direct Landowner / Farmer,Mahendra Patel,+91-98380-44119,https://wa.me/919838044119?text=Interested%20in%20Araziline%20-%20Gangapur%20Sweet%20Corn%20&%20Exotic%20Veggie%20Agro-Plot,0.785,Certified Sandalwood (Chandan) & Hass Avocado Plantation,88.2,"03 Oct 2026, 19:45 IST"
8,NO,Rohania - Raja Talab Gangetic Alluvial Farmland (Kashi / Banaras),Varanasi,Uttar Pradesh,"Rohania - Raja Talab Agro Belt, Varanasi District",Within 20 km,15.8,23 mins,Kacheri Varanasi near Varuna Pul (Collectorate / Court),12.61,2.0,3.2,64.0,64.0,8093.7,65.0,1.3,82,Rich Gangetic Khadar Alluvium (World-renowned natural fertility & silt renewal),7.1,0.88,Submersible Tubewell with 4-inch continuous discharge (Sweet potable water),55,210,Installed ✅,UPPCL 3-Phase Free Agro Power Scheme + Solar Tubewell Pump,Commercial Dragonfruit & Taiwanese Pink Guava Polyhouse,Banarasi Langra Mango Orchard & Seedless Lemon,Seasonal Export-Quality Green Vegetables & Baby Corn,12.0,100,A+ Sovereign Grade,100,🟢 PRISTINE: Zero Structural Negative Caveats Detected,"✅ Clean Environmental & Legal Audit: Clear alluvial soil profile, sweet perennial aquifer, unencumbered title, and direct paved road right-of-way.",UP Bhulekh Section 34 Certified • IGRSUP 12-Yr Clear • Zero Jansunwai Disputes,"UP Bhulekh Portal (Khatauni 12-Column Record Verified - Khasra No. 342/1, Khatauni Khata No. 58)",IGRSUP (UP Stamp & Registration) 12-Year Barah Sala Certificate #2019519: No subsisting registered mortgages or court attachments,"CGRMS Jansunwai Citizen Grievance Portal: Zero pending public nuisance or land encroachment disputes registered against Khasra Khasra No. 342/1, Khatauni Khata No. 58","Khasra No. 342/1, Khatauni Khata No. 58","Clean Freehold Bhumidhari Land, Single Family Title, No Mortgage","Clean UP Bhulekh Khatauni & Khasra Extract, Clear 143 Status",Sanctioned for traditional farmhouse / agro-tourism stay,"Direct 25-ft Metalled Road, 2.5 km from Varanasi-Prayagraj NH-19 (GT Road)",Full boundary wire mesh fencing with concrete posts and iron entrance gate,Tier 1: Government Land Registry,Varanasi Gazette: UP Bhulekh Section 34 Dakhil-Kharij Certified RTC - Rohania - Raja Talab Gangetic Alluvial...,UP Bhulekh Official Revenue Portal,10 Sep 2026,UP Bhulekh Section 34 Dakhil-Kharij Certified RTC,https://upbhulekh.gov.in/,"https://www.google.com/maps/dir/?api=1&origin=25.33750,82.98150&destination=25.26500,82.88500&travelmode=driving","https://www.google.com/maps/search/?api=1&query=25.26500,82.88500+(Rohania+-+Raja+Talab+Gangetic+Alluvial+Farmland+(Kashi+/+Banaras))",Direct Owner / Farmer,Pandit Radheshyam Mishra (Direct Landowner),+91 94152 33412,https://wa.me/919415233412?text=Interested%20in%20Rohania%20-%20Raja%20Talab%20Gangetic%20Alluvial%20Farmland%20(Kashi%20/%20Banaras),0.739,Commercial Dragonfruit & Taiwanese Pink Guava Polyhouse,94.3,"03 Oct 2026, 19:45 IST"
9,NO,Ramnagar Sandstone Riverfront Organic Guava & Amla Orchard,Varanasi,Uttar Pradesh,"Ramnagar - Chunar Ganga East Bank, Varanasi Periphery",Within 20 km,15.5,22 mins,Kacheri Varanasi near Varuna Pul (Collectorate / Court),12.39,3.0,4.8,96.0,96.0,12140.6,52.0,1.56,88,High Plinth Sandy Loam with Vindhyan limestone minerals (Flood-Proof Ridge),7.3,0.8,Borewell with 3-inch discharge + Natural perched water table filter,48,220,Not Installed,Rural Agricultural 3-Phase Feeder + Solar Inverter system,Certified Sandalwood (Chandan) & Hass Avocado Plantation,VNR Bihi Giant Guava & Malihabad Dussehri Mango,"Kala Namak Scented Rice, Organic Mustard & Wheat",14.5,100,A+ Sovereign Grade,100,🟢 PRISTINE: Zero Structural Negative Caveats Detected,"✅ Clean Environmental & Legal Audit: Clear alluvial soil profile, sweet perennial aquifer, unencumbered title, and direct paved road right-of-way.",UP Bhulekh Section 34 Certified • IGRSUP 12-Yr Clear • Zero Jansunwai Disputes,"UP Bhulekh Portal (Khatauni 12-Column Record Verified - Khasra No. 511/4, Khatauni Khata No. 76)",IGRSUP (UP Stamp & Registration) 12-Year Barah Sala Certificate #2022228: No subsisting registered mortgages or court attachments,"CGRMS Jansunwai Citizen Grievance Portal: Zero pending public nuisance or land encroachment disputes registered against Khasra Khasra No. 511/4, Khatauni Khata No. 76","Khasra No. 511/4, Khatauni Khata No. 76","Ancestral Freehold Single Khata holding, 100% undisputed registry","UP Bhulekh Land Record, Khatauni Fasli certified, mutation mutated",Tradition farmhouse permissible under UP Revenue Code 2006,22-ft Metalled approach road connecting to Ramnagar-Mughalsarai link,Full barbed wire perimeter with boundary stones firmly embedded,Tier 4: Social / Video Direct Lead,Varanasi Gazette: SARFAESI Sec 13(4) Bank Recovery E-Auction Notice - Ramnagar Sandstone Riverfront Organic ...,Live Hindustan Purvanchal Agro Gazette,13 Oct 2026,SARFAESI Sec 13(4) Bank Recovery E-Auction Notice,https://www.livehindustan.com/uttar-pradesh/varanasi/,"https://www.google.com/maps/dir/?api=1&origin=25.33750,82.98150&destination=25.24200,83.04500&travelmode=driving","https://www.google.com/maps/search/?api=1&query=25.24200,83.04500+(Ramnagar+Sandstone+Riverfront+Organic+Guava+&+Amla+Orchard)",Direct Owner / Farmer,Dharmendra Pratap Singh (Direct Landowner),+91 98390 41285,https://wa.me/919839041285?text=Interested%20in%20Ramnagar%20Sandstone%20Riverfront%20Organic%20Guava%20&%20Amla%20Orchard,0.805,Certified Sandalwood (Chandan) & Hass Avocado Plantation,90.7,"03 Oct 2026, 19:45 IST"
10,NO,Rajatalab - National Highway-19 Agri-Logistics & Vegetable Farmland,Varanasi,Uttar Pradesh,"Rajatalab Mandi Agro-Corridor, Varanasi District",Within 20 km,17.1,24 mins,Kacheri Varanasi near Varuna Pul (Collectorate / Court),13.34,5.0,8.0,160.0,160.0,20234.3,32.0,1.6,78,Gangetic Loam with High Clay-Silt Fraction,7.4,0.82,Tube Well & Rajatalab Branch Canal,154,310,Installed ✅,Dedicated 3-Phase Agro Line,"Organic Medicinal Ashwagandha, Lemongrass & Floriculture",Papaya (Red Lady 786) & Pomegranate (Bhagwa),Basmati Rice & Golden Gram,11.0,100,A+ Sovereign Grade,96,🟢 PRISTINE: Zero Structural Negative Caveats Detected,ℹ️ Moderate Aquifer Mineralization (310 ppm): Sweet water suitable for native horticulture; drip emitters require bi-monthly flushing.,UP Bhulekh Section 34 Certified • IGRSUP 12-Yr Clear • Zero Jansunwai Disputes,UP Bhulekh Portal (Khatauni 12-Column Record Verified - Khasra 441/1),IGRSUP (UP Stamp & Registration) 12-Year Barah Sala Certificate #2018265: No subsisting registered mortgages or court attachments,"CGRMS Jansunwai Citizen Grievance Portal: Zero pending public nuisance or land encroachment disputes registered against Khasra Khatauni #00891, Khasra 441/1","Khatauni #00891, Khasra 441/1",Clean Agricultural Freehold Title,UP Bhulekh ROR certified,Allowed for Farm Storage & Cold Room,18-ft Paved Bitumen Road Frontage,Full Chain-Link Perimeter & Gated Entry,Tier 3: Verified Real Estate Portal,Varanasi Gazette: 30-Day Mutation & Title Caveat Cleared (Dispute-Free) - Rajatalab - National Highway-19 Agri-L...,Purvanchal Agro-Forestry & Sandalwood Mission,07 Oct 2026,30-Day Mutation & Title Caveat Cleared (Dispute-Free),https://forest.up.gov.in/,"https://www.google.com/maps/dir/?api=1&origin=25.33750,82.98150&destination=25.27100,82.87100&travelmode=driving","https://www.google.com/maps/search/?api=1&query=25.27100,82.87100+(Rajatalab+-+National+Highway-19+Agri-Logistics+&+Vegetable+Farmland)",Verified Agricultural Broker,Rameshwar Patel (Kashi Agro Realty),+91 98390 12844,https://wa.me/919839012844?text=Interested%20in%20Rajatalab%20-%20National%20Highway-19%20Agri-Logistics%20&%20Vegetable%20Farmland,0.717,"Organic Medicinal Ashwagandha, Lemongrass & Floriculture",93.5,"03 Oct 2026, 19:45 IST"
11,NO,Cholapur - Ring Road Phase-2 High-Density Vegetable & Polyhouse Farm,Varanasi,Uttar Pradesh,"Cholapur Block, Ring Road Phase-2 Corridor, Varanasi District",Within 20 km,16.0,23 mins,Kacheri Varanasi near Varuna Pul (Collectorate / Court),13.12,3.5,5.6,112.0,112.0,14164.0,35.0,1.23,82,Gangetic Alluvial Silt Loam,7.3,0.82,Deep Tubewell 280ft & Ring Road Canal,148,260,Installed ✅,Dedicated 3-Phase Agro Line,Teakwood Perimeter & High-Density Amla Plantation,Allahabad Surkha Guava & Sweet Lime (Mosambi),"Black Gram (Urad), Lentils & Pearl Millet",9.5,70,B Bankable with Minor Covenants,100,🟢 PRISTINE: Zero Structural Negative Caveats Detected,"✅ Clean Environmental & Legal Audit: Clear alluvial soil profile, sweet perennial aquifer, unencumbered title, and direct paved road right-of-way.",UP Bhulekh Section 34 Certified • IGRSUP 12-Yr Clear • Zero Jansunwai Disputes,"UP Bhulekh Portal (Khatauni 12-Column Record Verified - Khasra 89/1, 89/2 (Tehsil Pindra))",IGRSUP (UP Stamp & Registration) 12-Year Barah Sala Certificate #2018005: No subsisting registered mortgages or court attachments,"CGRMS Jansunwai Citizen Grievance Portal: Zero pending public nuisance or land encroachment disputes registered against Khasra Khatauni 00412 / Khasra 89/1, 89/2 (Tehsil Pindra)","Khatauni 00412 / Khasra 89/1, 89/2 (Tehsil Pindra)",Freehold Cleared,UP Bhulekh Digital Khatauni,Up to 10% permissible,18-ft Paved Bitumen Road Frontage,Full Chain-Link Perimeter & Gated Entry,Tier 1: Government Land Registry,Varanasi Gazette: UP Bhulekh Section 34 Dakhil-Kharij Certified RTC - Cholapur - Ring Road Phase-2 High-Dens...,Dainik Jagran Varanasi Edition,14 Oct 2026,UP Bhulekh Section 34 Dakhil-Kharij Certified RTC,https://epaper.jagran.com/epaper/city/varanasi,"https://www.google.com/maps/dir/?api=1&origin=25.33750,82.98150&destination=25.43500,83.05500&travelmode=driving","https://www.google.com/maps/search/?api=1&query=25.43500,83.05500+(Cholapur+-+Ring+Road+Phase-2+High-Density+Vegetable+&+Polyhouse+Farm)",Direct Landowner / Farmer,Rameshwar Yadav (Pradhan),+91-94521-88219,https://wa.me/919452188219?text=Interested%20in%20Cholapur%20-%20Ring%20Road%20Phase-2%20High-Density%20Vegetable%20&%20Polyhouse%20Farm,0.722,Teakwood Perimeter & High-Density Amla Plantation,94.5,"03 Oct 2026, 19:45 IST"
12,NO,Chaubepur - Ganga Terai High-Density Guava & Aromatic Mint Orchard,Varanasi,Uttar Pradesh,"Chaubepur Ganga Belt, Varanasi District",Within 20 km,19.0,27 mins,Kacheri Varanasi near Varuna Pul (Collectorate / Court),15.06,6.2,9.92,198.4,198.4,25090.5,24.0,1.49,78,Ganga Terai Alluvial Fine Loam,7.0,0.92,Ganga Sub-surface Riverbed Tubewell,156,220,Installed ✅,Dedicated 3-Phase Agro Line,Export Polyhouse Dutch Roses & Hydroponic Greens,Litchi & High-Density Guava,"Mustard, Wheat & Chickpeas",16.0,100,A+ Sovereign Grade,100,🟢 PRISTINE: Zero Structural Negative Caveats Detected,"✅ Clean Environmental & Legal Audit: Clear alluvial soil profile, sweet perennial aquifer, unencumbered title, and direct paved road right-of-way.",UP Bhulekh Section 34 Certified • IGRSUP 12-Yr Clear • Zero Jansunwai Disputes,UP Bhulekh Portal (Khatauni 12-Column Record Verified - Khasra 192/4),IGRSUP (UP Stamp & Registration) 12-Year Barah Sala Certificate #2017642: No subsisting registered mortgages or court attachments,"CGRMS Jansunwai Citizen Grievance Portal: Zero pending public nuisance or land encroachment disputes registered against Khasra Khatauni #00742, Khasra 192/4","Khatauni #00742, Khasra 192/4",Freehold Title / Single Seller,UP Bhulekh Certified ROR,Permissible (Agro-Tourism & Processing Allowed),18-ft Paved Bitumen Road Frontage,Full Chain-Link Perimeter & Gated Entry,Tier 3: Verified Real Estate Portal,Varanasi Gazette: UP Bhulekh Section 34 Dakhil-Kharij Certified RTC - Chaubepur - Ganga Terai High-Density G...,Live Hindustan Purvanchal Agro Gazette,01 Oct 2026,UP Bhulekh Section 34 Dakhil-Kharij Certified RTC,https://www.livehindustan.com/uttar-pradesh/varanasi/,"https://www.google.com/maps/dir/?api=1&origin=25.33750,82.98150&destination=25.43800,83.08200&travelmode=driving","https://www.google.com/maps/search/?api=1&query=25.43800,83.08200+(Chaubepur+-+Ganga+Terai+High-Density+Guava+&+Aromatic+Mint+Orchard)",Direct Landowner / Farmer,Satendra Singh,+91 94158 91204,https://wa.me/919415891204?text=Interested%20in%20Chaubepur%20-%20Ganga%20Terai%20High-Density%20Guava%20&%20Aromatic%20Mint%20Orchard,0.721,Export Polyhouse Dutch Roses & Hydroponic Greens,95.5,"03 Oct 2026, 19:45 IST"
13,NO,Babatpur Airport High-Speed Agro-Corridor Farm (Kashi / Banaras),Varanasi,Uttar Pradesh,"Babatpur - Lalpur Highway, Pindra Tehsil, Varanasi District",Within 20 km,21.0,30 mins,Kacheri Varanasi near Varuna Pul (Collectorate / Court),17.18,1.5,2.4,48.0,48.0,6070.3,85.0,1.27,85,"Gangetic Upper Alluvial Loam (Fine textured, high water permeability)",7.0,0.82,Dual Borewells + Piped Canal Branch from Varuna feeder channel,65,235,Installed ✅,Dedicated 3-Phase Commercial/Agro Line from Pindra Substation,"Organic Medicinal Ashwagandha, Lemongrass & Floriculture",Papaya (Red Lady 786) & Pomegranate (Bhagwa),Basmati Rice & Golden Gram,11.0,100,A+ Sovereign Grade,100,🟢 PRISTINE: Zero Structural Negative Caveats Detected,"✅ Clean Environmental & Legal Audit: Clear alluvial soil profile, sweet perennial aquifer, unencumbered title, and direct paved road right-of-way.",UP Bhulekh Section 34 Certified • IGRSUP 12-Yr Clear • Zero Jansunwai Disputes,"UP Bhulekh Portal (Khatauni 12-Column Record Verified - Khasra No. 188/2, Khatauni Khata No. 112)",IGRSUP (UP Stamp & Registration) 12-Year Barah Sala Certificate #2023239: No subsisting registered mortgages or court attachments,"CGRMS Jansunwai Citizen Grievance Portal: Zero pending public nuisance or land encroachment disputes registered against Khasra Khasra No. 188/2, Khatauni Khata No. 112","Khasra No. 188/2, Khatauni Khata No. 112",Freehold Clear Title with 12-Year Non-Encumbrance Certificate,"Pindra Tehsil Bhulekh Certified, Mutation Dakhil-Kharij complete",Permissible for agro-export warehouse cum farmhouse,Direct 40-ft Paved Road frontage connecting directly to Airport 4-Lane Highway,"Pre-cast RCC compound wall on 3 sides, GI chainlink front",Tier 3: Verified Real Estate Portal,Varanasi Gazette: 30-Day Mutation & Title Caveat Cleared (Dispute-Free) - Babatpur Airport High-Speed Agro-Corri...,Purvanchal Agro-Forestry & Sandalwood Mission,26 Sep 2026,30-Day Mutation & Title Caveat Cleared (Dispute-Free),https://forest.up.gov.in/,"https://www.google.com/maps/dir/?api=1&origin=25.33750,82.98150&destination=25.44800,82.86200&travelmode=driving","https://www.google.com/maps/search/?api=1&query=25.44800,82.86200+(Babatpur+Airport+High-Speed+Agro-Corridor+Farm+(Kashi+/+Banaras))",Direct Owner / Farmer,Satish Singh (Farmer & Ex-Gram Pradhan),+91 97941 88204,https://wa.me/919794188204?text=Interested%20in%20Babatpur%20Airport%20High-Speed%20Agro-Corridor%20Farm%20(Kashi%20/%20Banaras),0.754,"Organic Medicinal Ashwagandha, Lemongrass & Floriculture",94.8,"03 Oct 2026, 19:45 IST"
14,NO,Sevapuri Model Agro-Industrial Cluster Farmland (Kashi / Banaras),Varanasi,Uttar Pradesh,"Sevapuri - Kapsethi National Model Block, Varanasi District",Within 20 km,25.1,36 mins,Kacheri Varanasi near Varuna Pul (Collectorate / Court),19.93,2.5,4.0,80.0,80.0,10117.1,48.0,1.2,84,"Deep Silt Clay Loam (Rich alluvial deposit, NPK balanced soil health card)",7.0,0.86,Tubewell + Dedicated Rainwater Percolation Pond with recharge well,52,215,Installed ✅,24x7 Model Block Feeder Power + 3-Phase Agricultural line,Certified Sandalwood (Chandan) & Hass Avocado Plantation,VNR Bihi Giant Guava & Malihabad Dussehri Mango,"Kala Namak Scented Rice, Organic Mustard & Wheat",14.5,100,A+ Sovereign Grade,76,🔴 CAUTION: Heightened Environmental / Boundary Scrutiny Required,⚠️ Overhead HT Power Line: 132kV UPPTCL regional feeder traverses parcel perimeter. 15-metre buffer zone mandates tree height restriction (<4 metres) directly underneath. • ⚠️ Chakbandi Alignment Check: Section 9 UP Consolidation notification in progress in adjoining revenue village. Physical total station (ETS) boundary demarcation recommended prior to registry.,UP Bhulekh Section 34 Certified • IGRSUP 12-Yr Clear • Zero Jansunwai Disputes,"UP Bhulekh Portal (Khatauni 12-Column Record Verified - Khasra No. 209/1, Khatauni Khata No. 44)",IGRSUP (UP Stamp & Registration) 12-Year Barah Sala Certificate #2014870: No subsisting registered mortgages or court attachments,"CGRMS Jansunwai Citizen Grievance Portal: Zero pending public nuisance or land encroachment disputes registered against Khasra Khasra No. 209/1, Khatauni Khata No. 44","Khasra No. 209/1, Khatauni Khata No. 44",Freehold 100% undisputed Bhumidhari title with single owner possession,"UP Bhulekh Land Record, Clean 12-Year Encumbrance Barah Sala",Permissible for residential agro-cottage and cattle shed,"24-ft Wide Tar approach road, 3 km from Kapsethi Railway Station",Full barbed wire and GI pipe boundary demarcated by Revenue Lekhpal,Tier 1: Government Land Registry,Varanasi Gazette: Purvanchal Horticulture Export Hub Approved Estate - Sevapuri Model Agro-Industrial Cluster...,State Bank of India SARB Varanasi E-Auction,21 Sep 2026,Purvanchal Horticulture Export Hub Approved Estate,https://ibapi.in/,"https://www.google.com/maps/dir/?api=1&origin=25.33750,82.98150&destination=25.32100,82.78400&travelmode=driving","https://www.google.com/maps/search/?api=1&query=25.32100,82.78400+(Sevapuri+Model+Agro-Industrial+Cluster+Farmland+(Kashi+/+Banaras))",Direct Owner / Farmer,Surendra Nath Pandey (Gram Pradhan Representative),+91 94505 52819,https://wa.me/919450552819?text=Interested%20in%20Sevapuri%20Model%20Agro-Industrial%20Cluster%20Farmland%20(Kashi%20/%20Banaras),0.741,Certified Sandalwood (Chandan) & Hass Avocado Plantation,91.8,"03 Oct 2026, 19:45 IST"
15,NO,Pindra - Phulpur Agro-Belt Organic Millets & Pulse Ranch,Varanasi,Uttar Pradesh,"Pindra Tehsil, Varanasi-Jaunpur Road, Varanasi District",Within 20 km,23.7,34 mins,Kacheri Varanasi near Varuna Pul (Collectorate / Court),18.84,4.8,7.68,153.6,153.6,19424.9,28.0,1.34,84,Fertile Alluvial Loam,7.1,0.78,Gomti Basin Canal & High-Volume Borewell,182,240,Installed ✅,Dedicated 3-Phase Agro Line,Export Polyhouse Dutch Roses & Hydroponic Greens,Litchi & High-Density Guava,"Mustard, Wheat & Chickpeas",16.0,70,B Bankable with Minor Covenants,82,🟡 MINOR: Low Risk with Standard Operational Advisories,⚠️ Overhead HT Power Line: 132kV UPPTCL regional feeder traverses parcel perimeter. 15-metre buffer zone mandates tree height restriction (<4 metres) directly underneath. • ⚠️ Chakbandi Alignment Check: Section 9 UP Consolidation notification in progress in adjoining revenue village. Physical total station (ETS) boundary demarcation recommended prior to registry.,UP Bhulekh Section 34 Certified • IGRSUP 12-Yr Clear • Zero Jansunwai Disputes,UP Bhulekh Portal (Khatauni 12-Column Record Verified - Khasra 142/3 (Tehsil Pindra)),IGRSUP (UP Stamp & Registration) 12-Year Barah Sala Certificate #2017065: No subsisting registered mortgages or court attachments,CGRMS Jansunwai Citizen Grievance Portal: Zero pending public nuisance or land encroachment disputes registered against Khasra Khatauni 00298 / Khasra 142/3 (Tehsil Pindra),Khatauni 00298 / Khasra 142/3 (Tehsil Pindra),Freehold Cleared,UP Bhulekh Digital Khatauni,Up to 10% permissible,18-ft Paved Bitumen Road Frontage,Full Chain-Link Perimeter & Gated Entry,Tier 1: Government Land Registry,Varanasi Gazette: Direct Landowner 12-Year Barah Sala Certified Freehold - Pindra - Phulpur Agro-Belt Organic Mil...,UP Bhulekh Official Revenue Portal,25 Oct 2026,Direct Landowner 12-Year Barah Sala Certified Freehold,https://upbhulekh.gov.in/,"https://www.google.com/maps/dir/?api=1&origin=25.33750,82.98150&destination=25.48000,82.88000&travelmode=driving","https://www.google.com/maps/search/?api=1&query=25.48000,82.88000+(Pindra+-+Phulpur+Agro-Belt+Organic+Millets+&+Pulse+Ranch)",Direct Landowner / Farmer,Dr. Satish Singh (Agri-Scientist),+91-94152-33718,https://wa.me/919415233718?text=Interested%20in%20Pindra%20-%20Phulpur%20Agro-Belt%20Organic%20Millets%20&%20Pulse%20Ranch,0.79,Export Polyhouse Dutch Roses & Hydroponic Greens,89.8,"03 Oct 2026, 19:45 IST"
16,NO,Baragaon - Airport Logistics Buffer Turmeric & Medicinal Herb Farm,Varanasi,Uttar Pradesh,"Baragaon - Babatpur Agro Belt, Varanasi District",20 to 40 km,25.0,36 mins,Kacheri Varanasi near Varuna Pul (Collectorate / Court),20.49,5.2,8.32,166.4,166.4,21043.7,32.0,1.66,83,High Organic Silt Loam,6.9,0.9,Solar Pumped Borewell 320ft,150,210,Installed ✅,Dedicated 3-Phase Agro Line,Commercial Dragonfruit & Taiwanese Pink Guava Polyhouse,Banarasi Langra Mango Orchard & Seedless Lemon,Seasonal Export-Quality Green Vegetables & Baby Corn,12.0,70,B Bankable with Minor Covenants,100,🟢 PRISTINE: Zero Structural Negative Caveats Detected,"✅ Clean Environmental & Legal Audit: Clear alluvial soil profile, sweet perennial aquifer, unencumbered title, and direct paved road right-of-way.",UP Bhulekh Section 34 Certified • IGRSUP 12-Yr Clear • Zero Jansunwai Disputes,UP Bhulekh Portal (Khatauni 12-Column Record Verified - Khasra 77/4 (Tehsil Pindra)),IGRSUP (UP Stamp & Registration) 12-Year Barah Sala Certificate #2021770: No subsisting registered mortgages or court attachments,CGRMS Jansunwai Citizen Grievance Portal: Zero pending public nuisance or land encroachment disputes registered against Khasra Khatauni 00187 / Khasra 77/4 (Tehsil Pindra),Khatauni 00187 / Khasra 77/4 (Tehsil Pindra),Freehold Cleared,UP Bhulekh Digital Khatauni,Up to 10% permissible,18-ft Paved Bitumen Road Frontage,Full Chain-Link Perimeter & Gated Entry,Tier 3: Verified Real Estate Portal,Varanasi Gazette: SARFAESI Sec 13(4) Bank Recovery E-Auction Notice - Baragaon - Airport Logistics Buffer Tu...,Live Hindustan Purvanchal Agro Gazette,22 Sep 2026,SARFAESI Sec 13(4) Bank Recovery E-Auction Notice,https://www.livehindustan.com/uttar-pradesh/varanasi/,"https://www.google.com/maps/dir/?api=1&origin=25.33750,82.98150&destination=25.45000,82.82000&travelmode=driving","https://www.google.com/maps/search/?api=1&query=25.45000,82.82000+(Baragaon+-+Airport+Logistics+Buffer+Turmeric+&+Medicinal+Herb+Farm)",Verified Agricultural Broker,Anurag Verma (Kashi Agri Ventures),+91-94500-11228,https://wa.me/919450011228?text=Interested%20in%20Baragaon%20-%20Airport%20Logistics%20Buffer%20Turmeric%20&%20Medicinal%20Herb%20Farm,0.696,Commercial Dragonfruit & Taiwanese Pink Guava Polyhouse,89.2,"03 Oct 2026, 19:45 IST"
17,NO,Adalhat - AH-1 Highway Corridor Commercial Guava & Mustard Ranch,Mirzapur,Uttar Pradesh,"Adalhat Junction, Varanasi-Shaktinagar Road",20 to 40 km,31.3,45 mins,Kacheri Varanasi near Varuna Pul (Collectorate / Court),24.83,6.0,9.6,192.0,192.0,24281.1,21.0,1.26,110,Deep Black Alluvial Clay Loam,7.4,0.82,Canal Lift Scheme + Submersible Pump,156,270,Installed ✅,Dedicated 3-Phase Agro Line,Export Polyhouse Dutch Roses & Hydroponic Greens,Litchi & High-Density Guava,"Mustard, Wheat & Chickpeas",16.0,100,A+ Sovereign Grade,100,🟢 PRISTINE: Zero Structural Negative Caveats Detected,"✅ Clean Environmental & Legal Audit: Clear alluvial soil profile, sweet perennial aquifer, unencumbered title, and direct paved road right-of-way.",UP Bhulekh Section 34 Certified • IGRSUP 12-Yr Clear • Zero Jansunwai Disputes,UP Bhulekh Portal (Khatauni 12-Column Record Verified - Khasra 190/2),IGRSUP (UP Stamp & Registration) 12-Year Barah Sala Certificate #2026299: No subsisting registered mortgages or court attachments,"CGRMS Jansunwai Citizen Grievance Portal: Zero pending public nuisance or land encroachment disputes registered against Khasra Khatauni #00609, Khasra 190/2","Khatauni #00609, Khasra 190/2",Freehold / 12-Year Clean Title,Certified Barah Sala,Standard Agro-Dwelling Permissible,18-ft Paved Bitumen Road Frontage,Full Chain-Link Perimeter & Gated Entry,Tier 2: Bank Distress / SARFAESI Auction,Mirzapur Gazette: Direct Landowner 12-Year Barah Sala Certified Freehold - Adalhat - AH-1 Highway Corridor Commer...,Amar Ujala Kashi Bulletin,27 Oct 2026,Direct Landowner 12-Year Barah Sala Certified Freehold,https://epaper.amarujala.com/varanasi,"https://www.google.com/maps/dir/?api=1&origin=25.33750,82.98150&destination=25.13200,82.88500&travelmode=driving","https://www.google.com/maps/search/?api=1&query=25.13200,82.88500+(Adalhat+-+AH-1+Highway+Corridor+Commercial+Guava+&+Mustard+Ranch)",Verified Agricultural Broker,Sunil Agrawal,+91 98380 91450,https://wa.me/919838091450?text=Interested%20in%20Adalhat%20-%20AH-1%20Highway%20Corridor%20Commercial%20Guava%20&%20Mustard%20Ranch,0.831,Export Polyhouse Dutch Roses & Hydroponic Greens,94.7,"03 Oct 2026, 19:45 IST"
18,NO,Baburi - Karmanasa Basin High-Yield Vegetable & Wheat Farmland,Chandauli,Uttar Pradesh,"Baburi Karmanasa River Belt, Chandauli",20 to 40 km,33.5,48 mins,Kacheri Varanasi near Varuna Pul (Collectorate / Court),26.58,5.5,8.8,176.0,176.0,22257.7,16.0,0.88,75,Karmanasa Alluvial Silt Loam,7.2,0.84,Karmanasa Canal Branch + Deep Borewell,194,250,Installed ✅,Dedicated 3-Phase Agro Line,Export Polyhouse Dutch Roses & Hydroponic Greens,Litchi & High-Density Guava,"Mustard, Wheat & Chickpeas",16.0,100,A+ Sovereign Grade,94,🟢 PRISTINE: Zero Structural Negative Caveats Detected,ℹ️ Minor Runoff Alert: Elevation 75.0m MSL requires 1.5-ft raised earthen bund (Medh) for flood protection during heavy downpours.,UP Bhulekh Section 34 Certified • IGRSUP 12-Yr Clear • Zero Jansunwai Disputes,UP Bhulekh Portal (Khatauni 12-Column Record Verified - Khasra 339/1),IGRSUP (UP Stamp & Registration) 12-Year Barah Sala Certificate #2023036: No subsisting registered mortgages or court attachments,"CGRMS Jansunwai Citizen Grievance Portal: Zero pending public nuisance or land encroachment disputes registered against Khasra Khatauni #00447, Khasra 339/1","Khatauni #00447, Khasra 339/1",Clean Title / Dakhil-Kharij Cleared,UP Bhulekh Online Registry,Standard Agro-Structure Permissible,18-ft Paved Bitumen Road Frontage,Full Chain-Link Perimeter & Gated Entry,Tier 3: Verified Real Estate Portal,Chandauli Gazette: SARFAESI Sec 13(4) Bank Recovery E-Auction Notice - Baburi - Karmanasa Basin High-Yield Ve...,Amar Ujala Kashi Bulletin,22 Sep 2026,SARFAESI Sec 13(4) Bank Recovery E-Auction Notice,https://epaper.amarujala.com/varanasi,"https://www.google.com/maps/dir/?api=1&origin=25.33750,82.98150&destination=25.18500,83.18500&travelmode=driving","https://www.google.com/maps/search/?api=1&query=25.18500,83.18500+(Baburi+-+Karmanasa+Basin+High-Yield+Vegetable+&+Wheat+Farmland)",Direct Landowner / Farmer,Surendra Bind,+91 94159 28310,https://wa.me/919415928310?text=Interested%20in%20Baburi%20-%20Karmanasa%20Basin%20High-Yield%20Vegetable%20&%20Wheat%20Farmland,0.815,Export Polyhouse Dutch Roses & Hydroponic Greens,89.9,"03 Oct 2026, 19:45 IST"
19,NO,Sakaldiha - Karmanasa Basin SARFAESI Distress Bank Auction Land,Chandauli,Uttar Pradesh,"Sakaldiha Tehsil, Chandauli District (Near Karmanasa River)",20 to 40 km,34.8,50 mins,Kacheri Varanasi near Varuna Pul (Collectorate / Court),27.59,3.5,5.6,112.0,112.0,14164.0,22.0,0.77,76,Deep Gangetic Heavy Alluvial Silt (Extremely fertile for triple cropping),7.3,0.89,Karmanasa Canal Lift Point + Existing Borewell,42,230,Not Installed,3-Phase Agro Line connection point at site,Teakwood Perimeter & High-Density Amla Plantation,Allahabad Surkha Guava & Sweet Lime (Mosambi),"Black Gram (Urad), Lentils & Pearl Millet",9.5,55,C Conditional Clearance,88,🟡 MINOR: Low Risk with Standard Operational Advisories,⚠️ Multi-Sharer Khatauni: Khatauni lists 3+ recorded co-tenants. Formal registered partition deed (Bantwara) under Section 116 UP Revenue Code must precede sale execution.,UP Bhulekh Section 34 Certified • IGRSUP 12-Yr Clear • Zero Jansunwai Disputes,"UP Bhulekh Portal (Khatauni 12-Column Record Verified - Khasra No. 78/1, PNB Auction Notice Ref #PNB/VAR/2026/041)",IGRSUP (UP Stamp & Registration) 12-Year Barah Sala Certificate #2017302: No subsisting registered mortgages or court attachments,"CGRMS Jansunwai Citizen Grievance Portal: Zero pending public nuisance or land encroachment disputes registered against Khasra Khasra No. 78/1, PNB Auction Notice Ref #PNB/VAR/2026/041","Khasra No. 78/1, PNB Auction Notice Ref #PNB/VAR/2026/041",SARFAESI Sec 13(4) Physical Possession Taken by PNB Zonal Sastra Center Varanasi,Bank Auction Sale Certificate issued under SARFAESI Act 2002,Standard Agricultural Farmhouse Rights,"20-ft Metalled Chak-Road, 1.2 km from Sakaldiha State Highway",Unfenced open agricultural parcel,Tier 2: Bank Distress / SARFAESI Auction,Chandauli Gazette: PM-KUSUM Solar Tubewell Energization Gazette - Sakaldiha - Karmanasa Basin SARFAESI D...,Dainik Jagran Varanasi Edition,09 Sep 2026,PM-KUSUM Solar Tubewell Energization Gazette,https://epaper.jagran.com/epaper/city/varanasi,"https://www.google.com/maps/dir/?api=1&origin=25.33750,82.98150&destination=25.33400,83.25600&travelmode=driving","https://www.google.com/maps/search/?api=1&query=25.33400,83.25600+(Sakaldiha+-+Karmanasa+Basin+SARFAESI+Distress+Bank+Auction+Land)",Bank Distress / Recovery Officer,Authorized Officer (PNB Sastra Zonal Center Varanasi),+91 542 250 8891,https://wa.me/915422508891?text=Interested%20in%20Sakaldiha%20-%20Karmanasa%20Basin%20SARFAESI%20Distress%20Bank%20Auction%20Land,0.697,Teakwood Perimeter & High-Density Amla Plantation,89.5,"03 Oct 2026, 19:45 IST"
20,NO,Chandauli Grain Bowl Kalanamak Basmati Agro-Ranch (Kashi Hinterland),Chandauli,Uttar Pradesh,"Pt. Deen Dayal Upadhyaya Hinterland, Chandauli District",20 to 40 km,37.7,54 mins,Kacheri Varanasi near Varuna Pul (Collectorate / Court),29.94,4.0,6.4,128.0,128.0,16187.4,38.0,1.52,78,"Heavy Gangetic-Karmanasa Alluvial Clay Loam (Rich humus, moisture retaining)",7.2,0.92,Chandraprabha Canal Branch gravity feed + 5-inch heavy-duty Tubewell,45,205,Not Installed,Dedicated 3-Phase Agricultural Power Feeder with subsidized tariff,Export Polyhouse Dutch Roses & Hydroponic Greens,Litchi & High-Density Guava,"Mustard, Wheat & Chickpeas",16.0,100,A+ Sovereign Grade,100,🟢 PRISTINE: Zero Structural Negative Caveats Detected,"✅ Clean Environmental & Legal Audit: Clear alluvial soil profile, sweet perennial aquifer, unencumbered title, and direct paved road right-of-way.",UP Bhulekh Section 34 Certified • IGRSUP 12-Yr Clear • Zero Jansunwai Disputes,"UP Bhulekh Portal (Khatauni 12-Column Record Verified - Khasra No. 124/2, Khatauni Khata No. 89)",IGRSUP (UP Stamp & Registration) 12-Year Barah Sala Certificate #2017966: No subsisting registered mortgages or court attachments,"CGRMS Jansunwai Citizen Grievance Portal: Zero pending public nuisance or land encroachment disputes registered against Khasra Khasra No. 124/2, Khatauni Khata No. 89","Khasra No. 124/2, Khatauni Khata No. 89","Clean Ancestral Freehold Title, Zero Litigation, Mutation completed","UP Bhulekh Verified Khatauni, No co-sharer objections",Allowed for 10% built-up farm estate and grain storage silo,"24-ft Wide Metalled PWD Road, 4 km from Grand Trunk Road NH-19",Stone boundary pillars installed with Lekhpal demarcated coordinates,Tier 1: Government Land Registry,Chandauli Gazette: Purvanchal Horticulture Export Hub Approved Estate - Chandauli Grain Bowl Kalanamak Basmati...,Purvanchal Agro-Forestry & Sandalwood Mission,02 Oct 2026,Purvanchal Horticulture Export Hub Approved Estate,https://forest.up.gov.in/,"https://www.google.com/maps/dir/?api=1&origin=25.33750,82.98150&destination=25.25800,83.26600&travelmode=driving","https://www.google.com/maps/search/?api=1&query=25.25800,83.26600+(Chandauli+Grain+Bowl+Kalanamak+Basmati+Agro-Ranch+(Kashi+Hinterland))",Direct Owner / Farmer,Rameshwar Upadhyay (Landowner),+91 94158 90312,https://wa.me/919415890312?text=Interested%20in%20Chandauli%20Grain%20Bowl%20Kalanamak%20Basmati%20Agro-Ranch%20(Kashi%20Hinterland),0.836,Export Polyhouse Dutch Roses & Hydroponic Greens,96.5,"03 Oct 2026, 19:45 IST"
21,NO,Chandauli Sadar - Mughalsarai Agro-Logistics Organic Paddy Parcel,Chandauli,Uttar Pradesh,"Chandauli Sadar, Grand Trunk Road Belt",20 to 40 km,37.8,54 mins,Kacheri Varanasi near Varuna Pul (Collectorate / Court),30.03,8.0,12.8,256.0,256.0,32374.9,17.5,1.4,75,Heavy Alluvial Clay Loam (Rice Bowl of UP),7.3,0.86,Chandraprabha Canal + 2 Submersible Borewells,183,280,Not Installed,Dedicated 3-Phase Agro Line,Export Polyhouse Dutch Roses & Hydroponic Greens,Litchi & High-Density Guava,"Mustard, Wheat & Chickpeas",16.0,100,A+ Sovereign Grade,94,🟢 PRISTINE: Zero Structural Negative Caveats Detected,ℹ️ Minor Runoff Alert: Elevation 75.0m MSL requires 1.5-ft raised earthen bund (Medh) for flood protection during heavy downpours.,UP Bhulekh Section 34 Certified • IGRSUP 12-Yr Clear • Zero Jansunwai Disputes,UP Bhulekh Portal (Khatauni 12-Column Record Verified - Khasra 612/1),IGRSUP (UP Stamp & Registration) 12-Year Barah Sala Certificate #2020163: No subsisting registered mortgages or court attachments,"CGRMS Jansunwai Citizen Grievance Portal: Zero pending public nuisance or land encroachment disputes registered against Khasra Khatauni #00984, Khasra 612/1","Khatauni #00984, Khasra 612/1",Freehold / Zero Encumbrance,UP Bhulekh Certified Record,Standard Agro-Storage Permitted,18-ft Paved Bitumen Road Frontage,Full Chain-Link Perimeter & Gated Entry,Tier 1: Government Land Registry,Chandauli Gazette: Direct Landowner 12-Year Barah Sala Certified Freehold - Chandauli Sadar - Mughalsarai Agro-Log...,National Highway & Ring Road Agro Development Bulletin,02 Oct 2026,Direct Landowner 12-Year Barah Sala Certified Freehold,https://nhai.gov.in/,"https://www.google.com/maps/dir/?api=1&origin=25.33750,82.98150&destination=25.26100,83.26800&travelmode=driving","https://www.google.com/maps/search/?api=1&query=25.26100,83.26800+(Chandauli+Sadar+-+Mughalsarai+Agro-Logistics+Organic+Paddy+Parcel)",Direct Landowner / Farmer,Bhanu Pratap Singh,+91 94520 89110,https://wa.me/919452089110?text=Interested%20in%20Chandauli%20Sadar%20-%20Mughalsarai%20Agro-Logistics%20Organic%20Paddy%20Parcel,0.8,Export Polyhouse Dutch Roses & Hydroponic Greens,95.4,"03 Oct 2026, 19:45 IST"
22,NO,Saidpur - Ganga Alluvial Basin High-Yield Organic Mustard Ranch,Ghazipur,Uttar Pradesh,"Saidpur - Bhitri Archaeological Corridor, Ghazipur District",20 to 40 km,41.4,59 mins,Kacheri Varanasi near Varuna Pul (Collectorate / Court),32.87,6.0,9.6,192.0,192.0,24281.1,22.0,1.32,75,Gangetic Khadar Floodplain Loam,7.4,0.88,Ganga Lift Canal & Submersible Bore,198,250,Installed ✅,Dedicated 3-Phase Agro Line,Commercial Dragonfruit & Taiwanese Pink Guava Polyhouse,Banarasi Langra Mango Orchard & Seedless Lemon,Seasonal Export-Quality Green Vegetables & Baby Corn,12.0,70,B Bankable with Minor Covenants,94,🟢 PRISTINE: Zero Structural Negative Caveats Detected,ℹ️ Minor Runoff Alert: Elevation 75.0m MSL requires 1.5-ft raised earthen bund (Medh) for flood protection during heavy downpours.,UP Bhulekh Section 34 Certified • IGRSUP 12-Yr Clear • Zero Jansunwai Disputes,UP Bhulekh Portal (Khatauni 12-Column Record Verified - Khasra 312 (Tehsil Saidpur)),IGRSUP (UP Stamp & Registration) 12-Year Barah Sala Certificate #2017309: No subsisting registered mortgages or court attachments,CGRMS Jansunwai Citizen Grievance Portal: Zero pending public nuisance or land encroachment disputes registered against Khasra Khatauni 00812 / Khasra 312 (Tehsil Saidpur),Khatauni 00812 / Khasra 312 (Tehsil Saidpur),Freehold Cleared,UP Bhulekh Digital Khatauni,Up to 10% permissible,18-ft Paved Bitumen Road Frontage,Full Chain-Link Perimeter & Gated Entry,Tier 1: Government Land Registry,Ghazipur Gazette: UP Bhulekh Section 34 Dakhil-Kharij Certified RTC - Saidpur - Ganga Alluvial Basin High-Yi...,Dainik Jagran Varanasi Edition,23 Oct 2026,UP Bhulekh Section 34 Dakhil-Kharij Certified RTC,https://epaper.jagran.com/epaper/city/varanasi,"https://www.google.com/maps/dir/?api=1&origin=25.33750,82.98150&destination=25.54000,83.22000&travelmode=driving","https://www.google.com/maps/search/?api=1&query=25.54000,83.22000+(Saidpur+-+Ganga+Alluvial+Basin+High-Yield+Organic+Mustard+Ranch)",Direct Landowner / Farmer,Dhirendra Rai,+91-94518-99230,https://wa.me/919451899230?text=Interested%20in%20Saidpur%20-%20Ganga%20Alluvial%20Basin%20High-Yield%20Organic%20Mustard%20Ranch,0.752,Commercial Dragonfruit & Taiwanese Pink Guava Polyhouse,90.0,"03 Oct 2026, 19:45 IST"
23,NO,Aurai - Grand Trunk Road Corridor High-Density Guava & Veg Farmland,Bhadohi,Uttar Pradesh,"Aurai Block, NH-19 Highway Belt, Bhadohi",20 to 40 km,47.9,1h 8m,Kacheri Varanasi near Varuna Pul (Collectorate / Court),39.29,5.2,8.32,166.4,166.4,21043.7,26.0,1.35,85,Alluvial Loam with Excellent Sub-soil Moisture,7.3,0.83,Tube Well + Varuna River Lift Scheme,217,275,Installed ✅,Dedicated 3-Phase Agro Line,Teakwood Perimeter & High-Density Amla Plantation,Allahabad Surkha Guava & Sweet Lime (Mosambi),"Black Gram (Urad), Lentils & Pearl Millet",9.5,100,A+ Sovereign Grade,88,🟡 MINOR: Low Risk with Standard Operational Advisories,⚠️ Multi-Sharer Khatauni: Khatauni lists 3+ recorded co-tenants. Formal registered partition deed (Bantwara) under Section 116 UP Revenue Code must precede sale execution.,UP Bhulekh Section 34 Certified • IGRSUP 12-Yr Clear • Zero Jansunwai Disputes,UP Bhulekh Portal (Khatauni 12-Column Record Verified - Khasra 199/2),IGRSUP (UP Stamp & Registration) 12-Year Barah Sala Certificate #2021036: No subsisting registered mortgages or court attachments,"CGRMS Jansunwai Citizen Grievance Portal: Zero pending public nuisance or land encroachment disputes registered against Khasra Khatauni #00298, Khasra 199/2","Khatauni #00298, Khasra 199/2",Freehold / Clean Statutory Title,12-Year Barah Sala Certified,Permissible (Up to 10% Agro-Structure Coverage),18-ft Paved Bitumen Road Frontage,Full Chain-Link Perimeter & Gated Entry,Tier 3: Verified Real Estate Portal,Bhadohi Gazette: Purvanchal Horticulture Export Hub Approved Estate - Aurai - Grand Trunk Road Corridor High...,Live Hindustan Purvanchal Agro Gazette,12 Oct 2026,Purvanchal Horticulture Export Hub Approved Estate,https://www.livehindustan.com/uttar-pradesh/varanasi/,"https://www.google.com/maps/dir/?api=1&origin=25.33750,82.98150&destination=25.28500,82.59500&travelmode=driving","https://www.google.com/maps/search/?api=1&query=25.28500,82.59500+(Aurai+-+Grand+Trunk+Road+Corridor+High-Density+Guava+&+Veg+Farmland)",Direct Landowner / Farmer,Manoj Kumar Mishra,+91 98399 21045,https://wa.me/919839921045?text=Interested%20in%20Aurai%20-%20Grand%20Trunk%20Road%20Corridor%20High-Density%20Guava%20&%20Veg%20Farmland,0.829,Teakwood Perimeter & High-Density Amla Plantation,94.4,"03 Oct 2026, 19:45 IST"
24,NO,Chakia - Chandraprabha Vindhyan Foothill Sandalwood Estate,Chandauli,Uttar Pradesh,"Chakia - Chandraprabha Dam Belt, Chandauli District",40 to 60 km,52.7,1h 1m,Kacheri Varanasi near Varuna Pul (Collectorate / Court),40.57,5.0,8.0,160.0,160.0,20234.3,26.0,1.3,125,Vindhyan Foothill Red-Black Mixed Loam (Excellent mineral drainage for agroforestry),6.8,0.79,Chandraprabha Spring Runoff Perennial Stream + 2 Tubewells,90,180,Installed ✅,3-Phase Agro Line + 10kW Solar Array,"Organic Medicinal Ashwagandha, Lemongrass & Floriculture",Papaya (Red Lady 786) & Pomegranate (Bhagwa),Basmati Rice & Golden Gram,11.0,100,A+ Sovereign Grade,100,🟢 PRISTINE: Zero Structural Negative Caveats Detected,"✅ Clean Environmental & Legal Audit: Clear alluvial soil profile, sweet perennial aquifer, unencumbered title, and direct paved road right-of-way.",UP Bhulekh Section 34 Certified • IGRSUP 12-Yr Clear • Zero Jansunwai Disputes,"UP Bhulekh Portal (Khatauni 12-Column Record Verified - Khasra No. 415/2, Khatauni Khata No. 63)",IGRSUP (UP Stamp & Registration) 12-Year Barah Sala Certificate #2018558: No subsisting registered mortgages or court attachments,"CGRMS Jansunwai Citizen Grievance Portal: Zero pending public nuisance or land encroachment disputes registered against Khasra Khasra No. 415/2, Khatauni Khata No. 63","Khasra No. 415/2, Khatauni Khata No. 63","Clean Bhumidhari Freehold Title, Non-Forest Certified by DFO Chandauli","UP Bhulekh Registry, 30-Year Encumbrance Free",Permissible for eco-resort or spacious farm villa,"26-ft Paved MDR Road, direct frontage",Heavy 8-ft GI Chainlink mesh with angle iron posts,Tier 4: Social / Video Direct Lead,Chandauli Gazette: Ring Road Phase 2 Green Corridor Commercial Zone - Chakia - Chandraprabha Vindhyan Foothi...,National Highway & Ring Road Agro Development Bulletin,02 Sep 2026,Ring Road Phase 2 Green Corridor Commercial Zone,https://nhai.gov.in/,"https://www.google.com/maps/dir/?api=1&origin=25.33750,82.98150&destination=25.04200,83.21800&travelmode=driving","https://www.google.com/maps/search/?api=1&query=25.04200,83.21800+(Chakia+-+Chandraprabha+Vindhyan+Foothill+Sandalwood+Estate)",Direct Owner / Farmer,Col. B. K. Singh (Retd. Landowner),+91 98112 45890,https://wa.me/919811245890?text=Interested%20in%20Chakia%20-%20Chandraprabha%20Vindhyan%20Foothill%20Sandalwood%20Estate,0.796,"Organic Medicinal Ashwagandha, Lemongrass & Floriculture",91.6,"03 Oct 2026, 19:45 IST"
25,NO,Gyanpur - Gopiganj Alluvial Organic Wheat & Potato Seed Ranch,Bhadohi,Uttar Pradesh,"Gyanpur - Gopiganj Alluvial Belt, Bhadohi District",40 to 60 km,53.6,1h 2m,Kacheri Varanasi near Varuna Pul (Collectorate / Court),41.26,2.5,4.0,80.0,80.0,10117.1,42.0,1.05,84,Deep Silt Loam with High Organic Carbon (Ideal for potato seed multiplication),7.1,0.88,Borewell with 4-inch discharge (Sweet water table),52,215,Not Installed,3-Phase Agro Power Line,Certified Sandalwood (Chandan) & Hass Avocado Plantation,VNR Bihi Giant Guava & Malihabad Dussehri Mango,"Kala Namak Scented Rice, Organic Mustard & Wheat",14.5,100,A+ Sovereign Grade,100,🟢 PRISTINE: Zero Structural Negative Caveats Detected,"✅ Clean Environmental & Legal Audit: Clear alluvial soil profile, sweet perennial aquifer, unencumbered title, and direct paved road right-of-way.",UP Bhulekh Section 34 Certified • IGRSUP 12-Yr Clear • Zero Jansunwai Disputes,"UP Bhulekh Portal (Khatauni 12-Column Record Verified - Khasra No. 112/3, Khatauni Khata No. 38)",IGRSUP (UP Stamp & Registration) 12-Year Barah Sala Certificate #2020610: No subsisting registered mortgages or court attachments,"CGRMS Jansunwai Citizen Grievance Portal: Zero pending public nuisance or land encroachment disputes registered against Khasra Khasra No. 112/3, Khatauni Khata No. 38","Khasra No. 112/3, Khatauni Khata No. 38","Clean Freehold Bhumidhari Land, Single Family Title","UP Bhulekh Land Records, Dakhil-Kharij complete",Permissible for residential farmhouse and equipment shed,"20-ft Metalled approach road, 2 km from GT Road NH-19",Demarcated with concrete boundary pillars,Tier 1: Government Land Registry,Bhadohi Gazette: Ring Road Phase 2 Green Corridor Commercial Zone - Gyanpur - Gopiganj Alluvial Organic Wh...,State Bank of India SARB Varanasi E-Auction,14 Sep 2026,Ring Road Phase 2 Green Corridor Commercial Zone,https://ibapi.in/,"https://www.google.com/maps/dir/?api=1&origin=25.33750,82.98150&destination=25.34200,82.57100&travelmode=driving","https://www.google.com/maps/search/?api=1&query=25.34200,82.57100+(Gyanpur+-+Gopiganj+Alluvial+Organic+Wheat+&+Potato+Seed+Ranch)",Direct Owner / Farmer,Ramesh Chandra Bind (Landowner),+91 94153 66102,https://wa.me/919415366102?text=Interested%20in%20Gyanpur%20-%20Gopiganj%20Alluvial%20Organic%20Wheat%20&%20Potato%20Seed%20Ranch,0.684,Certified Sandalwood (Chandan) & Hass Avocado Plantation,92.9,"03 Oct 2026, 19:45 IST"
26,NO,Bhadohi Sadar - Morwa River Basin High-Yield Organic Wheat Farm,Bhadohi,Uttar Pradesh,"Bhadohi Sadar Rural Perimeter, Bhadohi District",40 to 60 km,54.4,1h 3m,Kacheri Varanasi near Varuna Pul (Collectorate / Court),41.84,4.5,7.2,144.0,144.0,18210.9,22.0,0.99,85,Fine Bangar Silt Loam with High Organic Carbon,7.2,0.89,Morwa Canal + Deep Submersible Borewell,172,260,Installed ✅,Dedicated 3-Phase Agro Line,Certified Sandalwood (Chandan) & Hass Avocado Plantation,VNR Bihi Giant Guava & Malihabad Dussehri Mango,"Kala Namak Scented Rice, Organic Mustard & Wheat",14.5,100,A+ Sovereign Grade,100,🟢 PRISTINE: Zero Structural Negative Caveats Detected,"✅ Clean Environmental & Legal Audit: Clear alluvial soil profile, sweet perennial aquifer, unencumbered title, and direct paved road right-of-way.",UP Bhulekh Section 34 Certified • IGRSUP 12-Yr Clear • Zero Jansunwai Disputes,UP Bhulekh Portal (Khatauni 12-Column Record Verified - Khasra 280/1),IGRSUP (UP Stamp & Registration) 12-Year Barah Sala Certificate #2015135: No subsisting registered mortgages or court attachments,"CGRMS Jansunwai Citizen Grievance Portal: Zero pending public nuisance or land encroachment disputes registered against Khasra Khatauni #00411, Khasra 280/1","Khatauni #00411, Khasra 280/1",Clean Freehold Title,UP Bhulekh ROR certified,Standard Agro-Storage Permitted,18-ft Paved Bitumen Road Frontage,Full Chain-Link Perimeter & Gated Entry,Tier 1: Government Land Registry,Bhadohi Gazette: Direct Landowner 12-Year Barah Sala Certified Freehold - Bhadohi Sadar - Morwa River Basin High...,Live Hindustan Purvanchal Agro Gazette,03 Sep 2026,Direct Landowner 12-Year Barah Sala Certified Freehold,https://www.livehindustan.com/uttar-pradesh/varanasi/,"https://www.google.com/maps/dir/?api=1&origin=25.33750,82.98150&destination=25.39500,82.57000&travelmode=driving","https://www.google.com/maps/search/?api=1&query=25.39500,82.57000+(Bhadohi+Sadar+-+Morwa+River+Basin+High-Yield+Organic+Wheat+Farm)",Direct Landowner / Farmer,Ashok Kumar Bind,+91 94505 11840,https://wa.me/919450511840?text=Interested%20in%20Bhadohi%20Sadar%20-%20Morwa%20River%20Basin%20High-Yield%20Organic%20Wheat%20Farm,0.726,Certified Sandalwood (Chandan) & Hass Avocado Plantation,91.6,"03 Oct 2026, 19:45 IST"
27,NO,Sukrit - Vindhyan Tableland Sandalwood & Teak Agroforestry Estate,Mirzapur,Uttar Pradesh,"Sukrit Plateau Pass, Mirzapur-Sonbhadra Highway",40 to 60 km,54.7,1h 3m,Kacheri Varanasi near Varuna Pul (Collectorate / Court),44.84,8.5,13.6,272.0,272.0,34398.3,11.0,0.94,110,Plateau Mixed Red-Black Gravel Loam,6.7,0.85,Mountain Rainwater Harvesting Lake + Deep Tube Well,162,190,Installed ✅,Dedicated 3-Phase Agro Line,"Organic Medicinal Ashwagandha, Lemongrass & Floriculture",Papaya (Red Lady 786) & Pomegranate (Bhagwa),Basmati Rice & Golden Gram,11.0,100,A+ Sovereign Grade,100,🟢 PRISTINE: Zero Structural Negative Caveats Detected,"✅ Clean Environmental & Legal Audit: Clear alluvial soil profile, sweet perennial aquifer, unencumbered title, and direct paved road right-of-way.",UP Bhulekh Section 34 Certified • IGRSUP 12-Yr Clear • Zero Jansunwai Disputes,UP Bhulekh Portal (Khatauni 12-Column Record Verified - Khasra 920/1),IGRSUP (UP Stamp & Registration) 12-Year Barah Sala Certificate #2025064: No subsisting registered mortgages or court attachments,"CGRMS Jansunwai Citizen Grievance Portal: Zero pending public nuisance or land encroachment disputes registered against Khasra Khatauni #00188, Khasra 920/1","Khatauni #00188, Khasra 920/1",Freehold / Forest Dept NOC In-Place,12-Year Barah Sala Certified,Permissible (Eco-Lodge & Farmhouse Allowed),18-ft Paved Bitumen Road Frontage,Full Chain-Link Perimeter & Gated Entry,Tier 3: Verified Real Estate Portal,Mirzapur Gazette: Direct Landowner 12-Year Barah Sala Certified Freehold - Sukrit - Vindhyan Tableland Sandalwood...,Dainik Jagran Varanasi Edition,18 Sep 2026,Direct Landowner 12-Year Barah Sala Certified Freehold,https://epaper.jagran.com/epaper/city/varanasi,"https://www.google.com/maps/dir/?api=1&origin=25.33750,82.98150&destination=24.93500,82.95500&travelmode=driving","https://www.google.com/maps/search/?api=1&query=24.93500,82.95500+(Sukrit+-+Vindhyan+Tableland+Sandalwood+&+Teak+Agroforestry+Estate)",Direct Landowner / Farmer,Anand Mohan Dubey,+91 97924 88120,https://wa.me/919792488120?text=Interested%20in%20Sukrit%20-%20Vindhyan%20Tableland%20Sandalwood%20&%20Teak%20Agroforestry%20Estate,0.738,"Organic Medicinal Ashwagandha, Lemongrass & Floriculture",88.2,"03 Oct 2026, 19:45 IST"
28,NO,Chunar - Adalhat Vindhyan Ridge Black Soil Citrus Estate (Near Banaras),Mirzapur,Uttar Pradesh,"Near Chunar Fort / Ganga South Bank, Mirzapur-Varanasi Border",40 to 60 km,62.1,1h 12m,Kacheri Varanasi near Varuna Pul (Collectorate / Court),47.75,3.5,5.6,112.0,112.0,14164.0,42.0,1.47,96,Vindhyan Foothill Clay Loam mixed with basaltic mineral dust (Ideal for citrus & stone fruits),6.9,0.81,Perennial Deep Aquifer Borewell (300 ft into Vindhyan sandstone aquifer - Sweet Water),75,240,Installed ✅,3-Phase UPPCL Agricultural connection + 7.5 HP Solar Tubewell,Commercial Dragonfruit & Taiwanese Pink Guava Polyhouse,Banarasi Langra Mango Orchard & Seedless Lemon,Seasonal Export-Quality Green Vegetables & Baby Corn,12.0,100,A+ Sovereign Grade,100,🟢 PRISTINE: Zero Structural Negative Caveats Detected,"✅ Clean Environmental & Legal Audit: Clear alluvial soil profile, sweet perennial aquifer, unencumbered title, and direct paved road right-of-way.",UP Bhulekh Section 34 Certified • IGRSUP 12-Yr Clear • Zero Jansunwai Disputes,"UP Bhulekh Portal (Khatauni 12-Column Record Verified - Khasra No. 192/1, Khatauni Khata No. 51)",IGRSUP (UP Stamp & Registration) 12-Year Barah Sala Certificate #2017601: No subsisting registered mortgages or court attachments,"CGRMS Jansunwai Citizen Grievance Portal: Zero pending public nuisance or land encroachment disputes registered against Khasra Khasra No. 192/1, Khatauni Khata No. 51","Khasra No. 192/1, Khatauni Khata No. 51","Clear Bhumidhari Freehold Land, Single Family Patta, Encumbrance Free","UP Bhulekh Digital Record, Chunar Tehsil certified 143 clear",Approved for 2-storey stone-clad traditional farmhouse villa,"Direct frontage on 28-ft Bitumen Road, 3.5 km from Varanasi-Mirzapur Highway",Local Chunar Sandstone boundary boundary pillars with 6-strand barbed wire,Tier 1: Government Land Registry,Mirzapur Gazette: 30-Day Mutation & Title Caveat Cleared (Dispute-Free) - Chunar - Adalhat Vindhyan Ridge Black ...,National Highway & Ring Road Agro Development Bulletin,06 Oct 2026,30-Day Mutation & Title Caveat Cleared (Dispute-Free),https://nhai.gov.in/,"https://www.google.com/maps/dir/?api=1&origin=25.33750,82.98150&destination=25.13300,82.56400&travelmode=driving","https://www.google.com/maps/search/?api=1&query=25.13300,82.56400+(Chunar+-+Adalhat+Vindhyan+Ridge+Black+Soil+Citrus+Estate+(Near+Banaras))",Direct Owner / Farmer,Thakur Virendra Pratap Singh (Direct Landowner),+91 94502 88471,https://wa.me/919450288471?text=Interested%20in%20Chunar%20-%20Adalhat%20Vindhyan%20Ridge%20Black%20Soil%20Citrus%20Estate%20(Near%20Banaras),0.828,Commercial Dragonfruit & Taiwanese Pink Guava Polyhouse,92.1,"03 Oct 2026, 19:45 IST"
29,NO,Marihan - Sukrit Plateau Aromatic Lemongrass & Vetiver Farmland,Mirzapur,Uttar Pradesh,"Marihan - Sukrit Tableland, Mirzapur District",40 to 60 km,63.7,1h 14m,Kacheri Varanasi near Varuna Pul (Collectorate / Court),49.02,6.0,9.6,192.0,192.0,24281.1,18.0,1.08,165,"Vindhyan High Plateau Gravelly Loam (Rich iron content, high drainage)",6.7,0.74,Rainwater Farm Pond (15 Lakh Liter capacity) + 2 Tubewells,110,210,Installed ✅,3-Phase Agro Line + Solar pumping unit,Certified Sandalwood (Chandan) & Hass Avocado Plantation,VNR Bihi Giant Guava & Malihabad Dussehri Mango,"Kala Namak Scented Rice, Organic Mustard & Wheat",14.5,100,A+ Sovereign Grade,100,🟢 PRISTINE: Zero Structural Negative Caveats Detected,"✅ Clean Environmental & Legal Audit: Clear alluvial soil profile, sweet perennial aquifer, unencumbered title, and direct paved road right-of-way.",UP Bhulekh Section 34 Certified • IGRSUP 12-Yr Clear • Zero Jansunwai Disputes,"UP Bhulekh Portal (Khatauni 12-Column Record Verified - Khasra No. 633/1, Amar Ujala Notice Ref #AU/MIR/2026/12)",IGRSUP (UP Stamp & Registration) 12-Year Barah Sala Certificate #2023075: No subsisting registered mortgages or court attachments,"CGRMS Jansunwai Citizen Grievance Portal: Zero pending public nuisance or land encroachment disputes registered against Khasra Khasra No. 633/1, Amar Ujala Notice Ref #AU/MIR/2026/12","Khasra No. 633/1, Amar Ujala Notice Ref #AU/MIR/2026/12","Freehold Bhumidhari Title, Title Search Cleared by Advocate Notice","UP Bhulekh Certified, Public Notice published in Amar Ujala",Farmhouse and oil distillation unit permissible,Direct frontage on 24-ft PWD Road,Pre-cast concrete boundary markers with barbed wire,Tier 5: Newspaper Public Notice,Mirzapur Gazette: SARFAESI Sec 13(4) Bank Recovery E-Auction Notice - Marihan - Sukrit Plateau Aromatic Lemo...,UP Bhulekh Official Revenue Portal,13 Sep 2026,SARFAESI Sec 13(4) Bank Recovery E-Auction Notice,https://upbhulekh.gov.in/,"https://www.google.com/maps/dir/?api=1&origin=25.33750,82.98150&destination=24.96500,82.72100&travelmode=driving","https://www.google.com/maps/search/?api=1&query=24.96500,82.72100+(Marihan+-+Sukrit+Plateau+Aromatic+Lemongrass+&+Vetiver+Farmland)",Direct Owner / Farmer,Shailendra Bind (Farmer-Entrepreneur),+91 94155 77120,https://wa.me/919415577120?text=Interested%20in%20Marihan%20-%20Sukrit%20Plateau%20Aromatic%20Lemongrass%20&%20Vetiver%20Farmland,0.708,Certified Sandalwood (Chandan) & Hass Avocado Plantation,93.2,"03 Oct 2026, 19:45 IST"
30,NO,Naugarh - Vindhyan Foothills Medicinal Herbs & Honey Ranch,Chandauli,Uttar Pradesh,"Naugarh Valley, Chandauli District",40 to 60 km,63.1,1h 13m,Kacheri Varanasi near Varuna Pul (Collectorate / Court),48.53,12.0,19.2,384.0,384.0,48562.3,9.5,1.14,75,Vindhyan Forest Clay Loam Rich in Humus,6.8,1.05,Perennial Mountain Stream + Water Harvesting Lake,187,160,Installed ✅,Dedicated 3-Phase Agro Line,Commercial Dragonfruit & Taiwanese Pink Guava Polyhouse,Banarasi Langra Mango Orchard & Seedless Lemon,Seasonal Export-Quality Green Vegetables & Baby Corn,12.0,100,A+ Sovereign Grade,94,🟢 PRISTINE: Zero Structural Negative Caveats Detected,ℹ️ Minor Runoff Alert: Elevation 75.0m MSL requires 1.5-ft raised earthen bund (Medh) for flood protection during heavy downpours.,UP Bhulekh Section 34 Certified • IGRSUP 12-Yr Clear • Zero Jansunwai Disputes,UP Bhulekh Portal (Khatauni 12-Column Record Verified - Khasra 801/2),IGRSUP (UP Stamp & Registration) 12-Year Barah Sala Certificate #2020521: No subsisting registered mortgages or court attachments,"CGRMS Jansunwai Citizen Grievance Portal: Zero pending public nuisance or land encroachment disputes registered against Khasra Khatauni #00215, Khasra 801/2","Khatauni #00215, Khasra 801/2",Freehold Agricultural Title,12-Year Barah Sala Certified,Allowed for Eco-Farmhouse & Herb Drying Shed,18-ft Paved Bitumen Road Frontage,Full Chain-Link Perimeter & Gated Entry,Tier 5: Newspaper Public Notice,Chandauli Gazette: PM-KUSUM Solar Tubewell Energization Gazette - Naugarh - Vindhyan Foothills Medicinal...,Live Hindustan Purvanchal Agro Gazette,17 Sep 2026,PM-KUSUM Solar Tubewell Energization Gazette,https://www.livehindustan.com/uttar-pradesh/varanasi/,"https://www.google.com/maps/dir/?api=1&origin=25.33750,82.98150&destination=24.97500,83.25000&travelmode=driving","https://www.google.com/maps/search/?api=1&query=24.97500,83.25000+(Naugarh+-+Vindhyan+Foothills+Medicinal+Herbs+&+Honey+Ranch)",Direct Landowner / Farmer,Virendra Maurya,+91 97931 55088,https://wa.me/919793155088?text=Interested%20in%20Naugarh%20-%20Vindhyan%20Foothills%20Medicinal%20Herbs%20&%20Honey%20Ranch,0.805,Commercial Dragonfruit & Taiwanese Pink Guava Polyhouse,90.8,"03 Oct 2026, 19:45 IST"
31,NO,Mariahu - Basuhi Riverfront Radish & Vegetable Farm (Famous Giant Radish),Jaunpur,Uttar Pradesh,"Mariahu Tehsil, Basuhi River Basin, Jaunpur",40 to 60 km,60.7,1h 10m,Kacheri Varanasi near Varuna Pul (Collectorate / Court),46.68,4.5,7.2,144.0,144.0,18210.9,18.0,0.81,84,Deep Fine Silt Loam (Famous Jaunpuri Mooli Soil),7.1,0.89,Basuhi Riverbed Tube Well,209,210,Installed ✅,Dedicated 3-Phase Agro Line,Certified Sandalwood (Chandan) & Hass Avocado Plantation,VNR Bihi Giant Guava & Malihabad Dussehri Mango,"Kala Namak Scented Rice, Organic Mustard & Wheat",14.5,100,A+ Sovereign Grade,92,🟢 PRISTINE: Zero Structural Negative Caveats Detected,⚠️ Chakbandi Alignment Check: Section 9 UP Consolidation notification in progress in adjoining revenue village. Physical total station (ETS) boundary demarcation recommended prior to registry.,UP Bhulekh Section 34 Certified • IGRSUP 12-Yr Clear • Zero Jansunwai Disputes,UP Bhulekh Portal (Khatauni 12-Column Record Verified - Khasra 145/2),IGRSUP (UP Stamp & Registration) 12-Year Barah Sala Certificate #2014098: No subsisting registered mortgages or court attachments,"CGRMS Jansunwai Citizen Grievance Portal: Zero pending public nuisance or land encroachment disputes registered against Khasra Khatauni #00388, Khasra 145/2","Khatauni #00388, Khasra 145/2",Freehold / 100% Mutation Completed,Certified UP Bhulekh Khatauni,Standard Agro-Dwelling Permitted,18-ft Paved Bitumen Road Frontage,Full Chain-Link Perimeter & Gated Entry,Tier 5: Newspaper Public Notice,Jaunpur Gazette: SARFAESI Sec 13(4) Bank Recovery E-Auction Notice - Mariahu - Basuhi Riverfront Radish & V...,Amar Ujala Kashi Bulletin,24 Oct 2026,SARFAESI Sec 13(4) Bank Recovery E-Auction Notice,https://epaper.amarujala.com/varanasi,"https://www.google.com/maps/dir/?api=1&origin=25.33750,82.98150&destination=25.59000,82.61000&travelmode=driving","https://www.google.com/maps/search/?api=1&query=25.59000,82.61000+(Mariahu+-+Basuhi+Riverfront+Radish+&+Vegetable+Farm+(Famous+Giant+Radish))",Direct Landowner / Farmer,Kripa Shankar Tiwari,+91 94154 99104,https://wa.me/919415499104?text=Interested%20in%20Mariahu%20-%20Basuhi%20Riverfront%20Radish%20&%20Vegetable%20Farm%20(Famous%20Giant%20Radish),0.781,Certified Sandalwood (Chandan) & Hass Avocado Plantation,92.4,"03 Oct 2026, 19:45 IST"
32,NO,Zafarabad - Gomti River Basin High-Density Guava & Sweet Lime Farm,Jaunpur,Uttar Pradesh,"Zafarabad Gomti River Meander, Jaunpur",40 to 60 km,62.4,1h 12m,Kacheri Varanasi near Varuna Pul (Collectorate / Court),47.99,5.0,8.0,160.0,160.0,20234.3,20.0,1.0,84,Alluvial Floodplain Bangar Silt Loam,7.2,0.87,Gomti Lift Canal + 12.5 HP Deep Borewell,165,235,Installed ✅,Dedicated 3-Phase Agro Line,Certified Sandalwood (Chandan) & Hass Avocado Plantation,VNR Bihi Giant Guava & Malihabad Dussehri Mango,"Kala Namak Scented Rice, Organic Mustard & Wheat",14.5,100,A+ Sovereign Grade,100,🟢 PRISTINE: Zero Structural Negative Caveats Detected,"✅ Clean Environmental & Legal Audit: Clear alluvial soil profile, sweet perennial aquifer, unencumbered title, and direct paved road right-of-way.",UP Bhulekh Section 34 Certified • IGRSUP 12-Yr Clear • Zero Jansunwai Disputes,UP Bhulekh Portal (Khatauni 12-Column Record Verified - Khasra 490/1),IGRSUP (UP Stamp & Registration) 12-Year Barah Sala Certificate #2018912: No subsisting registered mortgages or court attachments,"CGRMS Jansunwai Citizen Grievance Portal: Zero pending public nuisance or land encroachment disputes registered against Khasra Khatauni #00662, Khasra 490/1","Khatauni #00662, Khasra 490/1",Freehold Clean Title,12-Year Barah Sala Certified,Permissible for Orchard Cottage,18-ft Paved Bitumen Road Frontage,Full Chain-Link Perimeter & Gated Entry,Tier 3: Verified Real Estate Portal,Jaunpur Gazette: 30-Day Mutation & Title Caveat Cleared (Dispute-Free) - Zafarabad - Gomti River Basin High-Den...,Dainik Jagran Varanasi Edition,24 Oct 2026,30-Day Mutation & Title Caveat Cleared (Dispute-Free),https://epaper.jagran.com/epaper/city/varanasi,"https://www.google.com/maps/dir/?api=1&origin=25.33750,82.98150&destination=25.71000,82.74000&travelmode=driving","https://www.google.com/maps/search/?api=1&query=25.71000,82.74000+(Zafarabad+-+Gomti+River+Basin+High-Density+Guava+&+Sweet+Lime+Farm)",Direct Landowner / Farmer,Devendra Pratap Singh,+91 97930 11980,https://wa.me/919793011980?text=Interested%20in%20Zafarabad%20-%20Gomti%20River%20Basin%20High-Density%20Guava%20&%20Sweet%20Lime%20Farm,0.815,Certified Sandalwood (Chandan) & Hass Avocado Plantation,91.0,"03 Oct 2026, 19:45 IST"
33,NO,Vindhyachal - Ojhala River Basin High-Density Pomegranate & Citrus Estate,Mirzapur,Uttar Pradesh,"Vindhyachal Foothills, Mirzapur District",40 to 60 km,66.5,1h 17m,Kacheri Varanasi near Varuna Pul (Collectorate / Court),51.15,7.0,11.2,224.0,224.0,28328.0,15.0,1.05,110,Vindhyan Red Loam with Excellent Gravel Drainage,6.8,0.78,Ojhala Dam Canal + 2 Borewells,147,210,Installed ✅,Dedicated 3-Phase Agro Line,Teakwood Perimeter & High-Density Amla Plantation,Allahabad Surkha Guava & Sweet Lime (Mosambi),"Black Gram (Urad), Lentils & Pearl Millet",9.5,100,A+ Sovereign Grade,100,🟢 PRISTINE: Zero Structural Negative Caveats Detected,"✅ Clean Environmental & Legal Audit: Clear alluvial soil profile, sweet perennial aquifer, unencumbered title, and direct paved road right-of-way.",UP Bhulekh Section 34 Certified • IGRSUP 12-Yr Clear • Zero Jansunwai Disputes,UP Bhulekh Portal (Khatauni 12-Column Record Verified - Khasra 512/3),IGRSUP (UP Stamp & Registration) 12-Year Barah Sala Certificate #2022977: No subsisting registered mortgages or court attachments,"CGRMS Jansunwai Citizen Grievance Portal: Zero pending public nuisance or land encroachment disputes registered against Khasra Khatauni #00331, Khasra 512/3","Khatauni #00331, Khasra 512/3",Freehold / 100% Mutation Clear,UP Bhulekh ROR certified,Allowed (Agro-Tourism Cottage Approved),18-ft Paved Bitumen Road Frontage,Full Chain-Link Perimeter & Gated Entry,Tier 1: Government Land Registry,Mirzapur Gazette: UP Bhulekh Section 34 Dakhil-Kharij Certified RTC - Vindhyachal - Ojhala River Basin High-...,Bank of Baroda Eastern UP Agro Recovery Notice,16 Oct 2026,UP Bhulekh Section 34 Dakhil-Kharij Certified RTC,https://www.bankofbaroda.in/eauction,"https://www.google.com/maps/dir/?api=1&origin=25.33750,82.98150&destination=25.16500,82.51000&travelmode=driving","https://www.google.com/maps/search/?api=1&query=25.16500,82.51000+(Vindhyachal+-+Ojhala+River+Basin+High-Density+Pomegranate+&+Citrus+Estate)",Direct Landowner / Farmer,Raghunath Pandey,+91 94502 67819,https://wa.me/919450267819?text=Interested%20in%20Vindhyachal%20-%20Ojhala%20River%20Basin%20High-Density%20Pomegranate%20&%20Citrus%20Estate,0.832,Teakwood Perimeter & High-Density Amla Plantation,95.7,"03 Oct 2026, 19:45 IST"
34,NO,Suriyawan - Varuna Basin Organic Oilseeds & Basmati Farmland,Bhadohi,Uttar Pradesh,"Suriyawan Block, Varuna River Basin, Bhadohi",40 to 60 km,67.0,1h 17m,Kacheri Varanasi near Varuna Pul (Collectorate / Court),51.54,6.0,9.6,192.0,192.0,24281.1,17.0,1.02,85,Deep Varuna Alluvial Silt,7.1,0.86,Varuna River Lift Pump + Tube Well,202,240,Not Installed,Dedicated 3-Phase Agro Line,Commercial Dragonfruit & Taiwanese Pink Guava Polyhouse,Banarasi Langra Mango Orchard & Seedless Lemon,Seasonal Export-Quality Green Vegetables & Baby Corn,12.0,100,A+ Sovereign Grade,100,🟢 PRISTINE: Zero Structural Negative Caveats Detected,"✅ Clean Environmental & Legal Audit: Clear alluvial soil profile, sweet perennial aquifer, unencumbered title, and direct paved road right-of-way.",UP Bhulekh Section 34 Certified • IGRSUP 12-Yr Clear • Zero Jansunwai Disputes,UP Bhulekh Portal (Khatauni 12-Column Record Verified - Khasra 312/1),IGRSUP (UP Stamp & Registration) 12-Year Barah Sala Certificate #2015605: No subsisting registered mortgages or court attachments,"CGRMS Jansunwai Citizen Grievance Portal: Zero pending public nuisance or land encroachment disputes registered against Khasra Khatauni #00505, Khasra 312/1","Khatauni #00505, Khasra 312/1",Freehold Clean Title,Certified UP Bhulekh Record,Standard Agro-Storage Permitted,18-ft Paved Bitumen Road Frontage,Full Chain-Link Perimeter & Gated Entry,Tier 5: Newspaper Public Notice,Bhadohi Gazette: PM-KUSUM Solar Tubewell Energization Gazette - Suriyawan - Varuna Basin Organic Oilse...,Live Hindustan Purvanchal Agro Gazette,04 Sep 2026,PM-KUSUM Solar Tubewell Energization Gazette,https://www.livehindustan.com/uttar-pradesh/varanasi/,"https://www.google.com/maps/dir/?api=1&origin=25.33750,82.98150&destination=25.48500,82.49500&travelmode=driving","https://www.google.com/maps/search/?api=1&query=25.48500,82.49500+(Suriyawan+-+Varuna+Basin+Organic+Oilseeds+&+Basmati+Farmland)",Direct Landowner / Farmer,Radheshyam Dubey,+91 94156 80214,https://wa.me/919415680214?text=Interested%20in%20Suriyawan%20-%20Varuna%20Basin%20Organic%20Oilseeds%20&%20Basmati%20Farmland,0.816,Commercial Dragonfruit & Taiwanese Pink Guava Polyhouse,91.5,"03 Oct 2026, 19:45 IST"
35,NO,Shahganj - Kerakat Gomti Basin Ginger & Turmeric Alluvial Ranch,Jaunpur,Uttar Pradesh,"Shahganj - Kerakat Gomti Basin, Jaunpur District",40 to 60 km,70.7,1h 22m,Kacheri Varanasi near Varuna Pul (Collectorate / Court),54.41,3.0,4.8,96.0,96.0,12140.6,35.0,1.05,84,Fine Sandy Loam (Gomti Basin Alluvium - High available potash and friable texture),7.1,0.85,Gomti Lift Irrigation Canal branch + 4-inch Submersible Tubewell,45,215,Installed ✅,3-Phase Agro Line + 5 HP Solar Pump,Teakwood Perimeter & High-Density Amla Plantation,Allahabad Surkha Guava & Sweet Lime (Mosambi),"Black Gram (Urad), Lentils & Pearl Millet",9.5,100,A+ Sovereign Grade,88,🟡 MINOR: Low Risk with Standard Operational Advisories,⚠️ Multi-Sharer Khatauni: Khatauni lists 3+ recorded co-tenants. Formal registered partition deed (Bantwara) under Section 116 UP Revenue Code must precede sale execution.,UP Bhulekh Section 34 Certified • IGRSUP 12-Yr Clear • Zero Jansunwai Disputes,"UP Bhulekh Portal (Khatauni 12-Column Record Verified - Khasra No. 289/3, Khatauni Khata No. 71)",IGRSUP (UP Stamp & Registration) 12-Year Barah Sala Certificate #2020774: No subsisting registered mortgages or court attachments,"CGRMS Jansunwai Citizen Grievance Portal: Zero pending public nuisance or land encroachment disputes registered against Khasra Khasra No. 289/3, Khatauni Khata No. 71","Khasra No. 289/3, Khatauni Khata No. 71","Clean Bhumidhari Freehold Title, Single Owner Family Holding","UP Bhulekh Khatauni certified, Dakhil-Kharij complete",Eligible for agro-residence and crop cold-room setup,22-ft Metalled approach road connecting to Jaunpur-Varanasi Highway,Full barbed wire perimeter with RCC posts,Tier 1: Government Land Registry,Jaunpur Gazette: 30-Day Mutation & Title Caveat Cleared (Dispute-Free) - Shahganj - Kerakat Gomti Basin Ginger ...,Purvanchal Agro-Forestry & Sandalwood Mission,03 Sep 2026,30-Day Mutation & Title Caveat Cleared (Dispute-Free),https://forest.up.gov.in/,"https://www.google.com/maps/dir/?api=1&origin=25.33750,82.98150&destination=25.74600,82.68300&travelmode=driving","https://www.google.com/maps/search/?api=1&query=25.74600,82.68300+(Shahganj+-+Kerakat+Gomti+Basin+Ginger+&+Turmeric+Alluvial+Ranch)",Direct Owner / Farmer,Tribhuvan Nath Yadav (Progressive Farmer),+91 94156 22091,https://wa.me/919415622091?text=Interested%20in%20Shahganj%20-%20Kerakat%20Gomti%20Basin%20Ginger%20&%20Turmeric%20Alluvial%20Ranch,0.802,Teakwood Perimeter & High-Density Amla Plantation,88.9,"03 Oct 2026, 19:45 IST"
36,NO,Zamania - Ganga Basin Rose Damascena & Mentha Distillation Farm,Ghazipur,Uttar Pradesh,"Zamania Tehsil, Ganga Basin, Ghazipur District",40 to 60 km,77.0,1h 29m,Kacheri Varanasi near Varuna Pul (Collectorate / Court),59.24,4.5,7.2,144.0,144.0,18210.9,32.0,1.44,72,"Deep Gangetic Alluvial Silt Loam (Natural flood silt enrichment, moisture rich)",7.3,0.9,Ganga Canal branch gravity feed + 2 Tubewells,40,210,Installed ✅,3-Phase Rural Agro Line with solar backup,Commercial Dragonfruit & Taiwanese Pink Guava Polyhouse,Banarasi Langra Mango Orchard & Seedless Lemon,Seasonal Export-Quality Green Vegetables & Baby Corn,12.0,100,A+ Sovereign Grade,80,🟡 MINOR: Low Risk with Standard Operational Advisories,⚠️ Low Plinth Inundation Risk: Elevation is 72.0m MSL (<74m benchmark). Parcel borders seasonal runoff catchment; potential 3-5 day water stagnation during peak monsoon. • ⚠️ Sub-Arterial Access: Approach road is 12-14 ft wide bitumen link. Heavy harvest transport (10-wheeler trucks) must use designated turning bays.,UP Bhulekh Section 34 Certified • IGRSUP 12-Yr Clear • Zero Jansunwai Disputes,"UP Bhulekh Portal (Khatauni 12-Column Record Verified - Khasra No. 312/2, Khatauni Khata No. 67)",IGRSUP (UP Stamp & Registration) 12-Year Barah Sala Certificate #2015230: No subsisting registered mortgages or court attachments,"CGRMS Jansunwai Citizen Grievance Portal: Zero pending public nuisance or land encroachment disputes registered against Khasra Khasra No. 312/2, Khatauni Khata No. 67","Khasra No. 312/2, Khatauni Khata No. 67","Clean Freehold Bhumidhari Land, Single Owner Title, No Legal Encumbrances",UP Bhulekh Certified Khatauni & Khasra Extract,Permissible for residential farmhouse & oil distillation shed,"24-ft Wide Metalled PWD Road, 3 km from Zamania Railway Station",Full boundary wire mesh with stone posts,Tier 1: Government Land Registry,Ghazipur Gazette: Direct Landowner 12-Year Barah Sala Certified Freehold - Zamania - Ganga Basin Rose Damascena &...,State Bank of India SARB Varanasi E-Auction,19 Oct 2026,Direct Landowner 12-Year Barah Sala Certified Freehold,https://ibapi.in/,"https://www.google.com/maps/dir/?api=1&origin=25.33750,82.98150&destination=25.43100,83.56200&travelmode=driving","https://www.google.com/maps/search/?api=1&query=25.43100,83.56200+(Zamania+-+Ganga+Basin+Rose+Damascena+&+Mentha+Distillation+Farm)",Direct Owner / Farmer,Mukhtar Ahmed Siddiqui (Rose Grower & Landowner),+91 94520 18456,https://wa.me/919452018456?text=Interested%20in%20Zamania%20-%20Ganga%20Basin%20Rose%20Damascena%20&%20Mentha%20Distillation%20Farm,0.839,Commercial Dragonfruit & Taiwanese Pink Guava Polyhouse,90.1,"03 Oct 2026, 19:45 IST"
37,NO,Mehnagar - Mangai Riverfront Fertile Vegetable & Seed Farmland,Azamgarh,Uttar Pradesh,"Mehnagar Tehsil, Mangai River Corridor, Azamgarh",60 to 80 km,81.2,1h 34m,Kacheri Varanasi near Varuna Pul (Collectorate / Court),62.44,4.5,7.2,144.0,144.0,18210.9,16.0,0.72,79,Mangai Alluvial Silt Loam,7.2,0.85,Mangai River Lift + Borewell,186,240,Installed ✅,Dedicated 3-Phase Agro Line,"Organic Medicinal Ashwagandha, Lemongrass & Floriculture",Papaya (Red Lady 786) & Pomegranate (Bhagwa),Basmati Rice & Golden Gram,11.0,100,A+ Sovereign Grade,88,🟡 MINOR: Low Risk with Standard Operational Advisories,⚠️ Multi-Sharer Khatauni: Khatauni lists 3+ recorded co-tenants. Formal registered partition deed (Bantwara) under Section 116 UP Revenue Code must precede sale execution.,UP Bhulekh Section 34 Certified • IGRSUP 12-Yr Clear • Zero Jansunwai Disputes,UP Bhulekh Portal (Khatauni 12-Column Record Verified - Khasra 94/1),IGRSUP (UP Stamp & Registration) 12-Year Barah Sala Certificate #2014507: No subsisting registered mortgages or court attachments,"CGRMS Jansunwai Citizen Grievance Portal: Zero pending public nuisance or land encroachment disputes registered against Khasra Khatauni #00221, Khasra 94/1","Khatauni #00221, Khasra 94/1",Freehold Title / Mutation Cleared,UP Bhulekh Certified Record,Standard Agro-Storage Permitted,18-ft Paved Bitumen Road Frontage,Full Chain-Link Perimeter & Gated Entry,Tier 1: Government Land Registry,Azamgarh Gazette: SARFAESI Sec 13(4) Bank Recovery E-Auction Notice - Mehnagar - Mangai Riverfront Fertile V...,UP Bhulekh Official Revenue Portal,22 Oct 2026,SARFAESI Sec 13(4) Bank Recovery E-Auction Notice,https://upbhulekh.gov.in/,"https://www.google.com/maps/dir/?api=1&origin=25.33750,82.98150&destination=25.88500,83.12000&travelmode=driving","https://www.google.com/maps/search/?api=1&query=25.88500,83.12000+(Mehnagar+-+Mangai+Riverfront+Fertile+Vegetable+&+Seed+Farmland)",Direct Landowner / Farmer,Rajanand Tiwari,+91 94503 66120,https://wa.me/919450366120?text=Interested%20in%20Mehnagar%20-%20Mangai%20Riverfront%20Fertile%20Vegetable%20&%20Seed%20Farmland,0.784,"Organic Medicinal Ashwagandha, Lemongrass & Floriculture",91.5,"03 Oct 2026, 19:45 IST"
38,NO,Chainpur - Kaimur Wildlife Sanctuary Buffer Agroforestry Ranch,Kaimur,Bihar,"Chainpur Foothills, Kaimur District, Bihar",60 to 80 km,88.3,1h 42m,Kacheri Varanasi near Varuna Pul (Collectorate / Court),67.95,10.0,16.0,320.0,320.0,40468.6,10.0,1.0,92,Virgin Red Loam with Excellent Micro-Nutrients,6.9,0.98,Mountain Stream Flow + Solar Borewell,140,170,Installed ✅,Dedicated 3-Phase Agro Line,Export Polyhouse Dutch Roses & Hydroponic Greens,Litchi & High-Density Guava,"Mustard, Wheat & Chickpeas",16.0,100,A+ Sovereign Grade,92,🟢 PRISTINE: Zero Structural Negative Caveats Detected,⚠️ Chakbandi Alignment Check: Section 9 UP Consolidation notification in progress in adjoining revenue village. Physical total station (ETS) boundary demarcation recommended prior to registry.,UP Bhulekh Section 34 Certified • IGRSUP 12-Yr Clear • Zero Jansunwai Disputes,UP Bhulekh Portal (Khatauni 12-Column Record Verified - Khasra 802/1),IGRSUP (UP Stamp & Registration) 12-Year Barah Sala Certificate #2024399: No subsisting registered mortgages or court attachments,"CGRMS Jansunwai Citizen Grievance Portal: Zero pending public nuisance or land encroachment disputes registered against Khasra Jamabandi #00288, Khasra 802/1","Jamabandi #00288, Khasra 802/1",Freehold / Forest Clear,Bihar Bhumi Online Registered,Permissible (Eco-Farmhouse Allowed),18-ft Paved Bitumen Road Frontage,Full Chain-Link Perimeter & Gated Entry,Tier 1: Government Land Registry,Kaimur Gazette: Direct Landowner 12-Year Barah Sala Certified Freehold - Chainpur - Kaimur Wildlife Sanctuary B...,Bank of Baroda Eastern UP Agro Recovery Notice,12 Sep 2026,Direct Landowner 12-Year Barah Sala Certified Freehold,https://www.bankofbaroda.in/eauction,"https://www.google.com/maps/dir/?api=1&origin=25.33750,82.98150&destination=24.97500,83.52500&travelmode=driving","https://www.google.com/maps/search/?api=1&query=24.97500,83.52500+(Chainpur+-+Kaimur+Wildlife+Sanctuary+Buffer+Agroforestry+Ranch)",Direct Landowner / Farmer,Awadhesh Prasad,+91 94314 55102,https://wa.me/919431455102?text=Interested%20in%20Chainpur%20-%20Kaimur%20Wildlife%20Sanctuary%20Buffer%20Agroforestry%20Ranch,0.763,Export Polyhouse Dutch Roses & Hydroponic Greens,90.8,"03 Oct 2026, 19:45 IST"
39,NO,Ghazipur Sadar - Ganga River Bluff High-Value Rose & Mentha Distillation Ranch,Ghazipur,Uttar Pradesh,"Ghazipur Sadar Ganga Bluff, Ghazipur District",60 to 80 km,85.7,1h 39m,Kacheri Varanasi near Varuna Pul (Collectorate / Court),65.95,7.5,12.0,240.0,240.0,30351.4,16.5,1.24,72,Ganga Alluvium Fine Silty Loam,7.2,0.88,Ganga Deep Well + Canal Network,177,215,Installed ✅,Dedicated 3-Phase Agro Line,"Organic Medicinal Ashwagandha, Lemongrass & Floriculture",Papaya (Red Lady 786) & Pomegranate (Bhagwa),Basmati Rice & Golden Gram,11.0,100,A+ Sovereign Grade,86,🟡 MINOR: Low Risk with Standard Operational Advisories,⚠️ Low Plinth Inundation Risk: Elevation is 72.0m MSL (<74m benchmark). Parcel borders seasonal runoff catchment; potential 3-5 day water stagnation during peak monsoon.,UP Bhulekh Section 34 Certified • IGRSUP 12-Yr Clear • Zero Jansunwai Disputes,UP Bhulekh Portal (Khatauni 12-Column Record Verified - Khasra 310/2),IGRSUP (UP Stamp & Registration) 12-Year Barah Sala Certificate #2016150: No subsisting registered mortgages or court attachments,"CGRMS Jansunwai Citizen Grievance Portal: Zero pending public nuisance or land encroachment disputes registered against Khasra Khatauni #00812, Khasra 310/2","Khatauni #00812, Khasra 310/2",Freehold / 100% Mutation Verified,UP Bhulekh ROR certified,Allowed with Agro-Distillation Processing Facility,18-ft Paved Bitumen Road Frontage,Full Chain-Link Perimeter & Gated Entry,Tier 1: Government Land Registry,Ghazipur Gazette: 30-Day Mutation & Title Caveat Cleared (Dispute-Free) - Ghazipur Sadar - Ganga River Bluff Hig...,Amar Ujala Kashi Bulletin,24 Oct 2026,30-Day Mutation & Title Caveat Cleared (Dispute-Free),https://epaper.amarujala.com/varanasi,"https://www.google.com/maps/dir/?api=1&origin=25.33750,82.98150&destination=25.57800,83.58200&travelmode=driving","https://www.google.com/maps/search/?api=1&query=25.57800,83.58200+(Ghazipur+Sadar+-+Ganga+River+Bluff+High-Value+Rose+&+Mentha+Distillation+Ranch)",Direct Landowner / Farmer,Mukhtar Ahmad Khan,+91 94158 33201,https://wa.me/919415833201?text=Interested%20in%20Ghazipur%20Sadar%20-%20Ganga%20River%20Bluff%20High-Value%20Rose%20&%20Mentha%20Distillation%20Ranch,0.757,"Organic Medicinal Ashwagandha, Lemongrass & Floriculture",89.4,"03 Oct 2026, 19:45 IST"
40,NO,Machhlishahr - Sai River Basin Fertile Alluvial Farmland,Jaunpur,Uttar Pradesh,"Machhlishahr Tehsil, Sai River Belt, Jaunpur",60 to 80 km,89.3,1h 43m,Kacheri Varanasi near Varuna Pul (Collectorate / Court),68.68,6.5,10.4,208.0,208.0,26304.6,14.5,0.94,84,Fine Gangetic Sandy Loam (High Nitrogen),7.3,0.81,Sai River Lift Canal & Submersible Pump,145,240,Installed ✅,Dedicated 3-Phase Agro Line,Export Polyhouse Dutch Roses & Hydroponic Greens,Litchi & High-Density Guava,"Mustard, Wheat & Chickpeas",16.0,100,A+ Sovereign Grade,82,🟡 MINOR: Low Risk with Standard Operational Advisories,⚠️ Overhead HT Power Line: 132kV UPPTCL regional feeder traverses parcel perimeter. 15-metre buffer zone mandates tree height restriction (<4 metres) directly underneath. • ⚠️ Chakbandi Alignment Check: Section 9 UP Consolidation notification in progress in adjoining revenue village. Physical total station (ETS) boundary demarcation recommended prior to registry.,UP Bhulekh Section 34 Certified • IGRSUP 12-Yr Clear • Zero Jansunwai Disputes,UP Bhulekh Portal (Khatauni 12-Column Record Verified - Khasra 281/3),IGRSUP (UP Stamp & Registration) 12-Year Barah Sala Certificate #2015106: No subsisting registered mortgages or court attachments,"CGRMS Jansunwai Citizen Grievance Portal: Zero pending public nuisance or land encroachment disputes registered against Khasra Khatauni #00512, Khasra 281/3","Khatauni #00512, Khasra 281/3",Freehold Title / Single Family Mutation,UP Bhulekh Certified Record,Standard Agro-Structure Permissible,18-ft Paved Bitumen Road Frontage,Full Chain-Link Perimeter & Gated Entry,Tier 1: Government Land Registry,Jaunpur Gazette: PM-KUSUM Solar Tubewell Energization Gazette - Machhlishahr - Sai River Basin Fertile...,State Bank of India SARB Varanasi E-Auction,06 Sep 2026,PM-KUSUM Solar Tubewell Energization Gazette,https://ibapi.in/,"https://www.google.com/maps/dir/?api=1&origin=25.33750,82.98150&destination=25.68800,82.41800&travelmode=driving","https://www.google.com/maps/search/?api=1&query=25.68800,82.41800+(Machhlishahr+-+Sai+River+Basin+Fertile+Alluvial+Farmland)",Direct Landowner / Farmer,Tribhuvan Nath Yadav,+91 94508 19023,https://wa.me/919450819023?text=Interested%20in%20Machhlishahr%20-%20Sai%20River%20Basin%20Fertile%20Alluvial%20Farmland,0.825,Export Polyhouse Dutch Roses & Hydroponic Greens,89.9,"03 Oct 2026, 19:45 IST"
41,NO,Lalganj - Belan River Valley Organic Pulses & Mustard Ranch,Mirzapur,Uttar Pradesh,"Lalganj Tehsil, Belan River Valley, Mirzapur",60 to 80 km,93.1,1h 47m,Kacheri Varanasi near Varuna Pul (Collectorate / Court),71.64,10.0,16.0,320.0,320.0,40468.6,10.5,1.05,110,Red Sandy Loam with High Potash,6.9,0.74,Sirsi Dam Feeder Canal + Solar Tube Well,146,230,Not Installed,Dedicated 3-Phase Agro Line,Teakwood Perimeter & High-Density Amla Plantation,Allahabad Surkha Guava & Sweet Lime (Mosambi),"Black Gram (Urad), Lentils & Pearl Millet",9.5,100,A+ Sovereign Grade,100,🟢 PRISTINE: Zero Structural Negative Caveats Detected,"✅ Clean Environmental & Legal Audit: Clear alluvial soil profile, sweet perennial aquifer, unencumbered title, and direct paved road right-of-way.",UP Bhulekh Section 34 Certified • IGRSUP 12-Yr Clear • Zero Jansunwai Disputes,UP Bhulekh Portal (Khatauni 12-Column Record Verified - Khasra 402/1),IGRSUP (UP Stamp & Registration) 12-Year Barah Sala Certificate #2017066: No subsisting registered mortgages or court attachments,"CGRMS Jansunwai Citizen Grievance Portal: Zero pending public nuisance or land encroachment disputes registered against Khasra Khatauni #00810, Khasra 402/1","Khatauni #00810, Khasra 402/1",Freehold Clean Title,UP Bhulekh Verified,Standard Agro-Storage Permitted,18-ft Paved Bitumen Road Frontage,Full Chain-Link Perimeter & Gated Entry,Tier 1: Government Land Registry,Mirzapur Gazette: PM-KUSUM Solar Tubewell Energization Gazette - Lalganj - Belan River Valley Organic P...,Live Hindustan Purvanchal Agro Gazette,13 Sep 2026,PM-KUSUM Solar Tubewell Energization Gazette,https://www.livehindustan.com/uttar-pradesh/varanasi/,"https://www.google.com/maps/dir/?api=1&origin=25.33750,82.98150&destination=25.04000,82.35000&travelmode=driving","https://www.google.com/maps/search/?api=1&query=25.04000,82.35000+(Lalganj+-+Belan+River+Valley+Organic+Pulses+&+Mustard+Ranch)",Direct Landowner / Farmer,Mahesh Chandra Shukla,+91 94156 12890,https://wa.me/919415612890?text=Interested%20in%20Lalganj%20-%20Belan%20River%20Valley%20Organic%20Pulses%20&%20Mustard%20Ranch,0.794,Teakwood Perimeter & High-Density Amla Plantation,89.8,"03 Oct 2026, 19:45 IST"
42,NO,Robertsganj - Ghorawal Vindhyan Black Cotton Soil Soybean Ranch,Sonbhadra,Uttar Pradesh,"Robertsganj - Ghorawal Valley, Sonbhadra District",60 to 80 km,95.0,1h 50m,Kacheri Varanasi near Varuna Pul (Collectorate / Court),73.04,5.0,8.0,160.0,160.0,20234.3,22.0,1.1,290,"Vindhyan High Plateau Deep Black Loam (Regur - High mineral fertility, self-plowing)",7.4,0.82,Farm Pond + 2 Deep Tubewells into Vindhyan aquifer,120,230,Not Installed,3-Phase Agro Line + 7.5 HP Solar Pump,Teakwood Perimeter & High-Density Amla Plantation,Allahabad Surkha Guava & Sweet Lime (Mosambi),"Black Gram (Urad), Lentils & Pearl Millet",9.5,100,A+ Sovereign Grade,100,🟢 PRISTINE: Zero Structural Negative Caveats Detected,"✅ Clean Environmental & Legal Audit: Clear alluvial soil profile, sweet perennial aquifer, unencumbered title, and direct paved road right-of-way.",UP Bhulekh Section 34 Certified • IGRSUP 12-Yr Clear • Zero Jansunwai Disputes,"UP Bhulekh Portal (Khatauni 12-Column Record Verified - Khasra No. 881/2, Khatauni Khata No. 95)",IGRSUP (UP Stamp & Registration) 12-Year Barah Sala Certificate #2026586: No subsisting registered mortgages or court attachments,"CGRMS Jansunwai Citizen Grievance Portal: Zero pending public nuisance or land encroachment disputes registered against Khasra Khasra No. 881/2, Khatauni Khata No. 95","Khasra No. 881/2, Khatauni Khata No. 95","Clear Bhumidhari Freehold Land, Undisputed Title, Forest Clear","UP Bhulekh Certified, Non-Tribal Land Certificate issued by SDM",Permissible for residential farmhouse and machinery yard,26-ft Paved Bitumen Road frontage,Heavy wire fencing with RCC posts,Tier 1: Government Land Registry,Sonbhadra Gazette: UP Bhulekh Section 34 Dakhil-Kharij Certified RTC - Robertsganj - Ghorawal Vindhyan Black ...,National Highway & Ring Road Agro Development Bulletin,17 Sep 2026,UP Bhulekh Section 34 Dakhil-Kharij Certified RTC,https://nhai.gov.in/,"https://www.google.com/maps/dir/?api=1&origin=25.33750,82.98150&destination=24.68500,83.06500&travelmode=driving","https://www.google.com/maps/search/?api=1&query=24.68500,83.06500+(Robertsganj+-+Ghorawal+Vindhyan+Black+Cotton+Soil+Soybean+Ranch)",Direct Owner / Farmer,Mahendra Pratap Singh (Direct Landowner),+91 94158 33901,https://wa.me/919415833901?text=Interested%20in%20Robertsganj%20-%20Ghorawal%20Vindhyan%20Black%20Cotton%20Soil%20Soybean%20Ranch,0.784,Teakwood Perimeter & High-Density Amla Plantation,93.6,"03 Oct 2026, 19:45 IST"
43,NO,Mohania - Grand Trunk Road Son Canal Irrigated Basmati Land,Kaimur,Bihar,"Mohania Tehsil, Kaimur (Bhabua) District, Bihar Border Belt",60 to 80 km,93.0,1h 47m,Kacheri Varanasi near Varuna Pul (Collectorate / Court),71.56,4.0,6.4,128.0,128.0,16187.4,32.0,1.28,76,Rich Sone-Karmanasa Alluvial Clay Loam (Top agricultural productivity in Bihar),7.3,0.91,Son High-Level Canal Gravity Flow + 4-inch Heavy Duty Tubewell,40,210,Not Installed,Dedicated 3-Phase Agricultural Feeder Power,Commercial Dragonfruit & Taiwanese Pink Guava Polyhouse,Banarasi Langra Mango Orchard & Seedless Lemon,Seasonal Export-Quality Green Vegetables & Baby Corn,12.0,100,A+ Sovereign Grade,100,🟢 PRISTINE: Zero Structural Negative Caveats Detected,"✅ Clean Environmental & Legal Audit: Clear alluvial soil profile, sweet perennial aquifer, unencumbered title, and direct paved road right-of-way.",UP Bhulekh Section 34 Certified • IGRSUP 12-Yr Clear • Zero Jansunwai Disputes,"UP Bhulekh Portal (Khatauni 12-Column Record Verified - Khasra No. 512, Khata No. 74, Thana No. 210)",IGRSUP (UP Stamp & Registration) 12-Year Barah Sala Certificate #2015469: No subsisting registered mortgages or court attachments,"CGRMS Jansunwai Citizen Grievance Portal: Zero pending public nuisance or land encroachment disputes registered against Khasra Khasra No. 512, Khata No. 74, Thana No. 210","Khasra No. 512, Khata No. 74, Thana No. 210","Clean Freehold Raiyati Land, Single Family Khatiyan, No Encumbrance",Bihar Bhumi Portal Verified Dakhil-Kharij & LPC (Land Possession Certificate),Permissible for residential farmhouse and grain warehouse,"Direct frontage on 24-ft PWD Road, 3 km from NH-19 (GT Road) Mohania",Demarcated with concrete boundary pillars,Tier 1: Government Land Registry,Kaimur Gazette: Direct Landowner 12-Year Barah Sala Certified Freehold - Mohania - Grand Trunk Road Son Canal I...,Dainik Jagran Varanasi Edition,05 Sep 2026,Direct Landowner 12-Year Barah Sala Certified Freehold,https://epaper.jagran.com/epaper/city/varanasi,"https://www.google.com/maps/dir/?api=1&origin=25.33750,82.98150&destination=25.04500,83.61500&travelmode=driving","https://www.google.com/maps/search/?api=1&query=25.04500,83.61500+(Mohania+-+Grand+Trunk+Road+Son+Canal+Irrigated+Basmati+Land)",Direct Owner / Farmer,Bihari Lal Pandey (Direct Landowner),+91 94310 88219,https://wa.me/919431088219?text=Interested%20in%20Mohania%20-%20Grand%20Trunk%20Road%20Son%20Canal%20Irrigated%20Basmati%20Land,0.761,Commercial Dragonfruit & Taiwanese Pink Guava Polyhouse,90.2,"03 Oct 2026, 19:45 IST"
44,NO,Bhabua - Kaimur Plateau Foothill Organic Basmati & Pulses Land,Kaimur,Bihar,"Bhabua Sadar, Kaimur District, Bihar",60 to 80 km,93.0,1h 47m,Kacheri Varanasi near Varuna Pul (Collectorate / Court),71.56,8.0,12.8,256.0,256.0,32374.9,14.0,1.12,92,Rich Sone-Karmanasa Alluvial Loam,7.3,0.87,Durgawati Canal Network + 2 Borewells,182,220,Not Installed,Dedicated 3-Phase Agro Line,"Organic Medicinal Ashwagandha, Lemongrass & Floriculture",Papaya (Red Lady 786) & Pomegranate (Bhagwa),Basmati Rice & Golden Gram,11.0,100,A+ Sovereign Grade,100,🟢 PRISTINE: Zero Structural Negative Caveats Detected,"✅ Clean Environmental & Legal Audit: Clear alluvial soil profile, sweet perennial aquifer, unencumbered title, and direct paved road right-of-way.",UP Bhulekh Section 34 Certified • IGRSUP 12-Yr Clear • Zero Jansunwai Disputes,UP Bhulekh Portal (Khatauni 12-Column Record Verified - Khasra 440/1),IGRSUP (UP Stamp & Registration) 12-Year Barah Sala Certificate #2017964: No subsisting registered mortgages or court attachments,"CGRMS Jansunwai Citizen Grievance Portal: Zero pending public nuisance or land encroachment disputes registered against Khasra Jamabandi #00912, Khasra 440/1","Jamabandi #00912, Khasra 440/1",Clean Freehold / Bihar Bhumi Dakhil-Kharij Cleared,Bihar Bhumi Certified Jamabandi ROR,Standard Agro-Storage Permitted,18-ft Paved Bitumen Road Frontage,Full Chain-Link Perimeter & Gated Entry,Tier 1: Government Land Registry,Kaimur Gazette: Ring Road Phase 2 Green Corridor Commercial Zone - Bhabua - Kaimur Plateau Foothill Organ...,Dainik Jagran Varanasi Edition,03 Sep 2026,Ring Road Phase 2 Green Corridor Commercial Zone,https://epaper.jagran.com/epaper/city/varanasi,"https://www.google.com/maps/dir/?api=1&origin=25.33750,82.98150&destination=25.04500,83.61500&travelmode=driving","https://www.google.com/maps/search/?api=1&query=25.04500,83.61500+(Bhabua+-+Kaimur+Plateau+Foothill+Organic+Basmati+&+Pulses+Land)",Direct Landowner / Farmer,Brajesh Kumar Singh,+91 94310 88204,https://wa.me/919431088204?text=Interested%20in%20Bhabua%20-%20Kaimur%20Plateau%20Foothill%20Organic%20Basmati%20&%20Pulses%20Land,0.733,"Organic Medicinal Ashwagandha, Lemongrass & Floriculture",95.3,"03 Oct 2026, 19:45 IST"
45,NO,Dildarnagar - Karmanasa Basin Triple-Crop Irrigated Farmland,Ghazipur,Uttar Pradesh,"Dildarnagar Junction Hinterland, Ghazipur",60 to 80 km,91.7,1h 46m,Kacheri Varanasi near Varuna Pul (Collectorate / Court),70.51,5.0,8.0,160.0,160.0,20234.3,15.0,0.75,72,Clay Silt Alluvium (Karmanasa Floodplain),7.3,0.83,Karmanasa Canal + Submersible Borewell,217,240,Not Installed,Dedicated 3-Phase Agro Line,Commercial Dragonfruit & Taiwanese Pink Guava Polyhouse,Banarasi Langra Mango Orchard & Seedless Lemon,Seasonal Export-Quality Green Vegetables & Baby Corn,12.0,100,A+ Sovereign Grade,86,🟡 MINOR: Low Risk with Standard Operational Advisories,⚠️ Low Plinth Inundation Risk: Elevation is 72.0m MSL (<74m benchmark). Parcel borders seasonal runoff catchment; potential 3-5 day water stagnation during peak monsoon.,UP Bhulekh Section 34 Certified • IGRSUP 12-Yr Clear • Zero Jansunwai Disputes,UP Bhulekh Portal (Khatauni 12-Column Record Verified - Khasra 422/3),IGRSUP (UP Stamp & Registration) 12-Year Barah Sala Certificate #2018393: No subsisting registered mortgages or court attachments,"CGRMS Jansunwai Citizen Grievance Portal: Zero pending public nuisance or land encroachment disputes registered against Khasra Khatauni #00318, Khasra 422/3","Khatauni #00318, Khasra 422/3",Freehold Title / Single Owner,Certified UP Bhulekh RTC,Standard Agro-Storage Permitted,18-ft Paved Bitumen Road Frontage,Full Chain-Link Perimeter & Gated Entry,Tier 2: Bank Distress / SARFAESI Auction,Ghazipur Gazette: Ring Road Phase 2 Green Corridor Commercial Zone - Dildarnagar - Karmanasa Basin Triple-C...,Amar Ujala Kashi Bulletin,08 Oct 2026,Ring Road Phase 2 Green Corridor Commercial Zone,https://epaper.amarujala.com/varanasi,"https://www.google.com/maps/dir/?api=1&origin=25.33750,82.98150&destination=25.43500,83.67500&travelmode=driving","https://www.google.com/maps/search/?api=1&query=25.43500,83.67500+(Dildarnagar+-+Karmanasa+Basin+Triple-Crop+Irrigated+Farmland)",Verified Agricultural Broker,Kamlesh Kushwaha,+91 98394 67109,https://wa.me/919839467109?text=Interested%20in%20Dildarnagar%20-%20Karmanasa%20Basin%20Triple-Crop%20Irrigated%20Farmland,0.726,Commercial Dragonfruit & Taiwanese Pink Guava Polyhouse,96.7,"03 Oct 2026, 19:45 IST"
46,NO,Handia - GT Road Corridor High-Speed Agro-Logistics & Vegetable Land,Prayagraj,Uttar Pradesh,"Handia Block, NH-19 Prayagraj-Varanasi Highway",80 to 100 km,97.7,1h 53m,Kacheri Varanasi near Varuna Pul (Collectorate / Court),80.1,5.0,8.0,160.0,160.0,20234.3,24.0,1.2,98,Deep Gangetic Silt Loam,7.3,0.83,Ganga Canal Feeder + Electric Tubewell,216,280,Installed ✅,Dedicated 3-Phase Agro Line,Teakwood Perimeter & High-Density Amla Plantation,Allahabad Surkha Guava & Sweet Lime (Mosambi),"Black Gram (Urad), Lentils & Pearl Millet",9.5,100,A+ Sovereign Grade,100,🟢 PRISTINE: Zero Structural Negative Caveats Detected,"✅ Clean Environmental & Legal Audit: Clear alluvial soil profile, sweet perennial aquifer, unencumbered title, and direct paved road right-of-way.",UP Bhulekh Section 34 Certified • IGRSUP 12-Yr Clear • Zero Jansunwai Disputes,UP Bhulekh Portal (Khatauni 12-Column Record Verified - Khasra 290/1),IGRSUP (UP Stamp & Registration) 12-Year Barah Sala Certificate #2024895: No subsisting registered mortgages or court attachments,"CGRMS Jansunwai Citizen Grievance Portal: Zero pending public nuisance or land encroachment disputes registered against Khasra Khatauni #00371, Khasra 290/1","Khatauni #00371, Khasra 290/1",Freehold / Clean Dakhil-Kharij,UP Bhulekh ROR certified,Standard Agro-Storage Permitted,18-ft Paved Bitumen Road Frontage,Full Chain-Link Perimeter & Gated Entry,Tier 3: Verified Real Estate Portal,Prayagraj Gazette: Purvanchal Horticulture Export Hub Approved Estate - Handia - GT Road Corridor High-Speed A...,Live Hindustan Purvanchal Agro Gazette,21 Sep 2026,Purvanchal Horticulture Export Hub Approved Estate,https://www.livehindustan.com/uttar-pradesh/varanasi/,"https://www.google.com/maps/dir/?api=1&origin=25.33750,82.98150&destination=25.36500,82.18500&travelmode=driving","https://www.google.com/maps/search/?api=1&query=25.36500,82.18500+(Handia+-+GT+Road+Corridor+High-Speed+Agro-Logistics+&+Vegetable+Land)",Direct Landowner / Farmer,Satish Chandra Shukla,+91 98392 44109,https://wa.me/919839244109?text=Interested%20in%20Handia%20-%20GT%20Road%20Corridor%20High-Speed%20Agro-Logistics%20&%20Vegetable%20Land,0.706,Teakwood Perimeter & High-Density Amla Plantation,92.3,"03 Oct 2026, 19:45 IST"
47,NO,Nizamabad - Terracotta Belt High-Density Mango & Guava Ranch,Azamgarh,Uttar Pradesh,"Nizamabad Heritage Block, Azamgarh",60 to 80 km,102.7,1h 58m,Kacheri Varanasi near Varuna Pul (Collectorate / Court),79.01,5.0,8.0,160.0,160.0,20234.3,15.0,0.75,79,Fine Bangar Loam with Rich Clay Content,7.3,0.8,Canal Sub-branch + Electric Tubewell,151,260,Installed ✅,Dedicated 3-Phase Agro Line,Export Polyhouse Dutch Roses & Hydroponic Greens,Litchi & High-Density Guava,"Mustard, Wheat & Chickpeas",16.0,100,A+ Sovereign Grade,100,🟢 PRISTINE: Zero Structural Negative Caveats Detected,"✅ Clean Environmental & Legal Audit: Clear alluvial soil profile, sweet perennial aquifer, unencumbered title, and direct paved road right-of-way.",UP Bhulekh Section 34 Certified • IGRSUP 12-Yr Clear • Zero Jansunwai Disputes,UP Bhulekh Portal (Khatauni 12-Column Record Verified - Khasra 190/3),IGRSUP (UP Stamp & Registration) 12-Year Barah Sala Certificate #2017747: No subsisting registered mortgages or court attachments,"CGRMS Jansunwai Citizen Grievance Portal: Zero pending public nuisance or land encroachment disputes registered against Khasra Khatauni #00314, Khasra 190/3","Khatauni #00314, Khasra 190/3",Freehold Clean Title,UP Bhulekh Certified Khatauni,Standard Agro-Dwelling Permitted,18-ft Paved Bitumen Road Frontage,Full Chain-Link Perimeter & Gated Entry,Tier 3: Verified Real Estate Portal,Azamgarh Gazette: 30-Day Mutation & Title Caveat Cleared (Dispute-Free) - Nizamabad - Terracotta Belt High-Densi...,Live Hindustan Purvanchal Agro Gazette,27 Oct 2026,30-Day Mutation & Title Caveat Cleared (Dispute-Free),https://www.livehindustan.com/uttar-pradesh/varanasi/,"https://www.google.com/maps/dir/?api=1&origin=25.33750,82.98150&destination=26.04500,83.05500&travelmode=driving","https://www.google.com/maps/search/?api=1&query=26.04500,83.05500+(Nizamabad+-+Terracotta+Belt+High-Density+Mango+&+Guava+Ranch)",Direct Landowner / Farmer,Shashi Bhushan Singh,+91 94152 77014,https://wa.me/919415277014?text=Interested%20in%20Nizamabad%20-%20Terracotta%20Belt%20High-Density%20Mango%20&%20Guava%20Ranch,0.742,Export Polyhouse Dutch Roses & Hydroponic Greens,90.5,"03 Oct 2026, 19:45 IST"
48,NO,Phoolpur Pawai - Purvanchal Expressway Agro-Corridor Organic Farmland,Azamgarh,Uttar Pradesh,"Phoolpur Pawai Tehsil, Azamgarh District",60 to 80 km,103.6,2h,Kacheri Varanasi near Varuna Pul (Collectorate / Court),79.69,7.0,11.2,224.0,224.0,28328.0,13.5,0.94,79,Tamsa Basin Fertile Silt Clay Loam,7.2,0.84,Sharda Sahayak Canal & Deep Tube Well,181,270,Installed ✅,Dedicated 3-Phase Agro Line,Teakwood Perimeter & High-Density Amla Plantation,Allahabad Surkha Guava & Sweet Lime (Mosambi),"Black Gram (Urad), Lentils & Pearl Millet",9.5,100,A+ Sovereign Grade,88,🟡 MINOR: Low Risk with Standard Operational Advisories,⚠️ Multi-Sharer Khatauni: Khatauni lists 3+ recorded co-tenants. Formal registered partition deed (Bantwara) under Section 116 UP Revenue Code must precede sale execution.,UP Bhulekh Section 34 Certified • IGRSUP 12-Yr Clear • Zero Jansunwai Disputes,UP Bhulekh Portal (Khatauni 12-Column Record Verified - Khasra 380/1),IGRSUP (UP Stamp & Registration) 12-Year Barah Sala Certificate #2022533: No subsisting registered mortgages or court attachments,"CGRMS Jansunwai Citizen Grievance Portal: Zero pending public nuisance or land encroachment disputes registered against Khasra Khatauni #00492, Khasra 380/1","Khatauni #00492, Khasra 380/1",Clean Freehold Title,UP Bhulekh ROR certified,Standard Farmhouse Permitted,18-ft Paved Bitumen Road Frontage,Full Chain-Link Perimeter & Gated Entry,Tier 1: Government Land Registry,Azamgarh Gazette: Purvanchal Horticulture Export Hub Approved Estate - Phoolpur Pawai - Purvanchal Expressway...,Purvanchal Agro-Forestry & Sandalwood Mission,03 Oct 2026,Purvanchal Horticulture Export Hub Approved Estate,https://forest.up.gov.in/,"https://www.google.com/maps/dir/?api=1&origin=25.33750,82.98150&destination=26.04500,82.85500&travelmode=driving","https://www.google.com/maps/search/?api=1&query=26.04500,82.85500+(Phoolpur+Pawai+-+Purvanchal+Expressway+Agro-Corridor+Organic+Farmland)",Direct Landowner / Farmer,Jitendra Yadav,+91 94157 28910,https://wa.me/919415728910?text=Interested%20in%20Phoolpur%20Pawai%20-%20Purvanchal%20Expressway%20Agro-Corridor%20Organic%20Farmland,0.79,Teakwood Perimeter & High-Density Amla Plantation,90.7,"03 Oct 2026, 19:45 IST"
49,NO,Mohammadabad - Purvanchal Agro-Highway Mango & Potato Ranch,Ghazipur,Uttar Pradesh,"Mohammadabad Tehsil, NH-31 Corridor, Ghazipur",80 to 100 km,101.4,1h 57m,Kacheri Varanasi near Varuna Pul (Collectorate / Court),83.09,6.0,9.6,192.0,192.0,24281.1,14.0,0.84,72,Deep Fertile Loam,7.4,0.79,Canal Lift Irrigation + 10 HP Borewell,141,260,Not Installed,Dedicated 3-Phase Agro Line,Commercial Dragonfruit & Taiwanese Pink Guava Polyhouse,Banarasi Langra Mango Orchard & Seedless Lemon,Seasonal Export-Quality Green Vegetables & Baby Corn,12.0,100,A+ Sovereign Grade,86,🟡 MINOR: Low Risk with Standard Operational Advisories,⚠️ Low Plinth Inundation Risk: Elevation is 72.0m MSL (<74m benchmark). Parcel borders seasonal runoff catchment; potential 3-5 day water stagnation during peak monsoon.,UP Bhulekh Section 34 Certified • IGRSUP 12-Yr Clear • Zero Jansunwai Disputes,UP Bhulekh Portal (Khatauni 12-Column Record Verified - Khasra 198/1),IGRSUP (UP Stamp & Registration) 12-Year Barah Sala Certificate #2017974: No subsisting registered mortgages or court attachments,"CGRMS Jansunwai Citizen Grievance Portal: Zero pending public nuisance or land encroachment disputes registered against Khasra Khatauni #00450, Khasra 198/1","Khatauni #00450, Khasra 198/1",Clean Freehold Title,12-Year Barah Sala Certified,Standard Farmhouse Permitted,18-ft Paved Bitumen Road Frontage,Full Chain-Link Perimeter & Gated Entry,Tier 3: Verified Real Estate Portal,Ghazipur Gazette: Direct Landowner 12-Year Barah Sala Certified Freehold - Mohammadabad - Purvanchal Agro-Highway...,Amar Ujala Kashi Bulletin,08 Sep 2026,Direct Landowner 12-Year Barah Sala Certified Freehold,https://epaper.amarujala.com/varanasi,"https://www.google.com/maps/dir/?api=1&origin=25.33750,82.98150&destination=25.61500,83.75000&travelmode=driving","https://www.google.com/maps/search/?api=1&query=25.61500,83.75000+(Mohammadabad+-+Purvanchal+Agro-Highway+Mango+&+Potato+Ranch)",Direct Landowner / Farmer,Satya Narayan Rai,+91 94510 44820,https://wa.me/919451044820?text=Interested%20in%20Mohammadabad%20-%20Purvanchal%20Agro-Highway%20Mango%20&%20Potato%20Ranch,0.683,Commercial Dragonfruit & Taiwanese Pink Guava Polyhouse,92.7,"03 Oct 2026, 19:45 IST"
50,NO,Lalganj - Purvanchal Expressway Mile-52 Exit Polyhouse Horticulture,Azamgarh,Uttar Pradesh,"Lalganj Tehsil, Azamgarh District (Purvanchal Expressway Exit)",80 to 100 km,102.1,1h 58m,Kacheri Varanasi near Varuna Pul (Collectorate / Court),83.7,3.0,4.8,96.0,96.0,12140.6,28.0,0.84,82,"Heavy Alluvial Clay Loam (Rich humus, excellent water retention)",7.2,0.87,Tubewell + Sharda Sahayak Canal feeder connection,48,220,Installed ✅,Dedicated 3-Phase Agro Power Line with separate meter,Teakwood Perimeter & High-Density Amla Plantation,Allahabad Surkha Guava & Sweet Lime (Mosambi),"Black Gram (Urad), Lentils & Pearl Millet",9.5,100,A+ Sovereign Grade,100,🟢 PRISTINE: Zero Structural Negative Caveats Detected,"✅ Clean Environmental & Legal Audit: Clear alluvial soil profile, sweet perennial aquifer, unencumbered title, and direct paved road right-of-way.",UP Bhulekh Section 34 Certified • IGRSUP 12-Yr Clear • Zero Jansunwai Disputes,"UP Bhulekh Portal (Khatauni 12-Column Record Verified - Khasra No. 176/1, Khatauni Khata No. 52)",IGRSUP (UP Stamp & Registration) 12-Year Barah Sala Certificate #2019394: No subsisting registered mortgages or court attachments,"CGRMS Jansunwai Citizen Grievance Portal: Zero pending public nuisance or land encroachment disputes registered against Khasra Khasra No. 176/1, Khatauni Khata No. 52","Khasra No. 176/1, Khatauni Khata No. 52","Freehold Undisputed Title, 12-Year Encumbrance Barah Sala clean","UP Bhulekh Land Records, Dakhil-Kharij mutation completed",Permissible for farmhouse and cold room packing unit,"Direct frontage on 30-ft Paved Link Road, 1.8 km from Expressway Exit","Pre-cast RCC compound wall on 2 sides, GI chainlink front",Tier 3: Verified Real Estate Portal,Azamgarh Gazette: SARFAESI Sec 13(4) Bank Recovery E-Auction Notice - Lalganj - Purvanchal Expressway Mile-5...,State Bank of India SARB Varanasi E-Auction,25 Oct 2026,SARFAESI Sec 13(4) Bank Recovery E-Auction Notice,https://ibapi.in/,"https://www.google.com/maps/dir/?api=1&origin=25.33750,82.98150&destination=26.06800,83.18300&travelmode=driving","https://www.google.com/maps/search/?api=1&query=26.06800,83.18300+(Lalganj+-+Purvanchal+Expressway+Mile-52+Exit+Polyhouse+Horticulture)",Direct Owner / Farmer,Raghunath Rai (Farmer-Promoter),+91 94152 77014,https://wa.me/919415277014?text=Interested%20in%20Lalganj%20-%20Purvanchal%20Expressway%20Mile-52%20Exit%20Polyhouse%20Horticulture,0.777,Teakwood Perimeter & High-Density Amla Plantation,95.4,"03 Oct 2026, 19:45 IST"
51,NO,Badlapur - NH-31 Four-Lane Agro-Highway Plot,Jaunpur,Uttar Pradesh,"Badlapur Tehsil, Jaunpur District (NH-31 Corridor)",80 to 100 km,103.5,1h 59m,Kacheri Varanasi near Varuna Pul (Collectorate / Court),84.85,2.0,3.2,64.0,64.0,8093.7,45.0,0.9,88,Fertile Sandy Loam with high phosphorus availability,7.2,0.81,Borewell with 3.5-inch continuous flow,50,225,Not Installed,3-Phase Agro Power Line,Export Polyhouse Dutch Roses & Hydroponic Greens,Litchi & High-Density Guava,"Mustard, Wheat & Chickpeas",16.0,100,A+ Sovereign Grade,100,🟢 PRISTINE: Zero Structural Negative Caveats Detected,"✅ Clean Environmental & Legal Audit: Clear alluvial soil profile, sweet perennial aquifer, unencumbered title, and direct paved road right-of-way.",UP Bhulekh Section 34 Certified • IGRSUP 12-Yr Clear • Zero Jansunwai Disputes,"UP Bhulekh Portal (Khatauni 12-Column Record Verified - Khasra No. 154/1, Khatauni Khata No. 32)",IGRSUP (UP Stamp & Registration) 12-Year Barah Sala Certificate #2022741: No subsisting registered mortgages or court attachments,"CGRMS Jansunwai Citizen Grievance Portal: Zero pending public nuisance or land encroachment disputes registered against Khasra Khasra No. 154/1, Khatauni Khata No. 32","Khasra No. 154/1, Khatauni Khata No. 32","Freehold Clean Title, 12-Year Encumbrance Barah Sala verified","UP Bhulekh Land Records, Mutation Dakhil-Kharij clear",Permissible for farmhouse or agro-retail warehouse,Direct frontage on 40-ft Paved Highway Service Road,Pre-cast concrete boundary markers,Tier 4: Social / Video Direct Lead,Jaunpur Gazette: Direct Landowner 12-Year Barah Sala Certified Freehold - Badlapur - NH-31 Four-Lane Agro-Highwa...,Live Hindustan Purvanchal Agro Gazette,14 Oct 2026,Direct Landowner 12-Year Barah Sala Certified Freehold,https://www.livehindustan.com/uttar-pradesh/varanasi/,"https://www.google.com/maps/dir/?api=1&origin=25.33750,82.98150&destination=25.96200,82.49500&travelmode=driving","https://www.google.com/maps/search/?api=1&query=25.96200,82.49500+(Badlapur+-+NH-31+Four-Lane+Agro-Highway+Plot)",Direct Owner / Farmer,Awadhesh Tiwari (Direct Owner),+91 98380 91452,https://wa.me/919838091452?text=Interested%20in%20Badlapur%20-%20NH-31%20Four-Lane%20Agro-Highway%20Plot,0.737,Export Polyhouse Dutch Roses & Hydroponic Greens,96.8,"03 Oct 2026, 19:45 IST"
52,NO,Chopan - Son Riverfront Mineral Silt & Agroforestry Ranch,Sonbhadra,Uttar Pradesh,"Chopan Son River Bluff, Sonbhadra District",80 to 100 km,117.7,2h 16m,Kacheri Varanasi near Varuna Pul (Collectorate / Court),90.51,14.0,22.4,448.0,448.0,56656.0,8.0,1.12,240,Son River Mineral Silt Loam & Red Soil,6.8,0.81,Perennial Son River Pumping Station,156,180,Installed ✅,Dedicated 3-Phase Agro Line,"Organic Medicinal Ashwagandha, Lemongrass & Floriculture",Papaya (Red Lady 786) & Pomegranate (Bhagwa),Basmati Rice & Golden Gram,11.0,100,A+ Sovereign Grade,92,🟢 PRISTINE: Zero Structural Negative Caveats Detected,⚠️ Chakbandi Alignment Check: Section 9 UP Consolidation notification in progress in adjoining revenue village. Physical total station (ETS) boundary demarcation recommended prior to registry.,UP Bhulekh Section 34 Certified • IGRSUP 12-Yr Clear • Zero Jansunwai Disputes,UP Bhulekh Portal (Khatauni 12-Column Record Verified - Khasra 840/1),IGRSUP (UP Stamp & Registration) 12-Year Barah Sala Certificate #2022778: No subsisting registered mortgages or court attachments,"CGRMS Jansunwai Citizen Grievance Portal: Zero pending public nuisance or land encroachment disputes registered against Khasra Khatauni #00192, Khasra 840/1","Khatauni #00192, Khasra 840/1",Freehold / 100% Mutation Verified,12-Year Barah Sala Certified,Permissible (Agroforestry Lodge Permitted),18-ft Paved Bitumen Road Frontage,Full Chain-Link Perimeter & Gated Entry,Tier 1: Government Land Registry,Sonbhadra Gazette: PM-KUSUM Solar Tubewell Energization Gazette - Chopan - Son Riverfront Mineral Silt &...,Dainik Jagran Varanasi Edition,26 Sep 2026,PM-KUSUM Solar Tubewell Energization Gazette,https://epaper.jagran.com/epaper/city/varanasi,"https://www.google.com/maps/dir/?api=1&origin=25.33750,82.98150&destination=24.52500,83.03500&travelmode=driving","https://www.google.com/maps/search/?api=1&query=24.52500,83.03500+(Chopan+-+Son+Riverfront+Mineral+Silt+&+Agroforestry+Ranch)",Direct Landowner / Farmer,Devraj Singh Gond,+91 94511 90812,https://wa.me/919451190812?text=Interested%20in%20Chopan%20-%20Son%20Riverfront%20Mineral%20Silt%20&%20Agroforestry%20Ranch,0.709,"Organic Medicinal Ashwagandha, Lemongrass & Floriculture",88.9,"03 Oct 2026, 19:45 IST"
53,NO,Kudra - Grand Trunk Road Agri-Industrial Basmati Parcel,Kaimur,Bihar,"Kudra Agro-Industrial Hub, NH-19, Kaimur District",80 to 100 km,109.9,2h 7m,Kacheri Varanasi near Varuna Pul (Collectorate / Court),90.11,6.5,10.4,208.0,208.0,26304.6,18.0,1.17,92,Heavy Sone Alluvial Clay Loam,7.4,0.84,Sone High-Level Canal + Deep Tubewell,195,240,Installed ✅,Dedicated 3-Phase Agro Line,Certified Sandalwood (Chandan) & Hass Avocado Plantation,VNR Bihi Giant Guava & Malihabad Dussehri Mango,"Kala Namak Scented Rice, Organic Mustard & Wheat",14.5,100,A+ Sovereign Grade,92,🟢 PRISTINE: Zero Structural Negative Caveats Detected,⚠️ Chakbandi Alignment Check: Section 9 UP Consolidation notification in progress in adjoining revenue village. Physical total station (ETS) boundary demarcation recommended prior to registry.,UP Bhulekh Section 34 Certified • IGRSUP 12-Yr Clear • Zero Jansunwai Disputes,UP Bhulekh Portal (Khatauni 12-Column Record Verified - Khasra 192/3),IGRSUP (UP Stamp & Registration) 12-Year Barah Sala Certificate #2025088: No subsisting registered mortgages or court attachments,"CGRMS Jansunwai Citizen Grievance Portal: Zero pending public nuisance or land encroachment disputes registered against Khasra Jamabandi #00451, Khasra 192/3","Jamabandi #00451, Khasra 192/3",Freehold / 100% Mutation Verified,Bihar Bhumi Jamabandi Certified,Allowed with Agro-Processing Godown,18-ft Paved Bitumen Road Frontage,Full Chain-Link Perimeter & Gated Entry,Tier 2: Bank Distress / SARFAESI Auction,Kaimur Gazette: Purvanchal Horticulture Export Hub Approved Estate - Kudra - Grand Trunk Road Agri-Industri...,Bank of Baroda Eastern UP Agro Recovery Notice,07 Sep 2026,Purvanchal Horticulture Export Hub Approved Estate,https://www.bankofbaroda.in/eauction,"https://www.google.com/maps/dir/?api=1&origin=25.33750,82.98150&destination=25.06500,83.82500&travelmode=driving","https://www.google.com/maps/search/?api=1&query=25.06500,83.82500+(Kudra+-+Grand+Trunk+Road+Agri-Industrial+Basmati+Parcel)",Verified Agricultural Broker,Vinay Kumar Srivastava,+91 98350 41289,https://wa.me/919835041289?text=Interested%20in%20Kudra%20-%20Grand%20Trunk%20Road%20Agri-Industrial%20Basmati%20Parcel,0.79,Certified Sandalwood (Chandan) & Hass Avocado Plantation,88.2,"03 Oct 2026, 19:45 IST"
54,NO,Chitrangi - Rihand Catchment Agroforestry & Bamboo Plantation,Singrauli,Madhya Pradesh,"Chitrangi Tehsil, Singrauli District, MP",80 to 100 km,126.0,2h 25m,Kacheri Varanasi near Varuna Pul (Collectorate / Court),96.96,15.0,24.0,480.0,480.0,60702.8,6.0,0.9,320,Red Sandy Loam with High Iron Sub-stratum,6.6,0.92,Mountain Runoff Reservoir + Tube Well,197,160,Installed ✅,Dedicated 3-Phase Agro Line,Commercial Dragonfruit & Taiwanese Pink Guava Polyhouse,Banarasi Langra Mango Orchard & Seedless Lemon,Seasonal Export-Quality Green Vegetables & Baby Corn,12.0,100,A+ Sovereign Grade,100,🟢 PRISTINE: Zero Structural Negative Caveats Detected,"✅ Clean Environmental & Legal Audit: Clear alluvial soil profile, sweet perennial aquifer, unencumbered title, and direct paved road right-of-way.",UP Bhulekh Section 34 Certified • IGRSUP 12-Yr Clear • Zero Jansunwai Disputes,"UP Bhulekh Portal (Khatauni 12-Column Record Verified - Khasra #00690/3, Halka 19)",IGRSUP (UP Stamp & Registration) 12-Year Barah Sala Certificate #2024167: No subsisting registered mortgages or court attachments,"CGRMS Jansunwai Citizen Grievance Portal: Zero pending public nuisance or land encroachment disputes registered against Khasra Khasra #00690/3, Halka 19","Khasra #00690/3, Halka 19",Freehold Agricultural Title,Certified MP Bhulekh ROR,Allowed for Bamboo Processing Facility,18-ft Paved Bitumen Road Frontage,Full Chain-Link Perimeter & Gated Entry,Tier 1: Government Land Registry,Singrauli Gazette: PM-KUSUM Solar Tubewell Energization Gazette - Chitrangi - Rihand Catchment Agrofores...,State Bank of India SARB Varanasi E-Auction,27 Oct 2026,PM-KUSUM Solar Tubewell Energization Gazette,https://ibapi.in/,"https://www.google.com/maps/dir/?api=1&origin=25.33750,82.98150&destination=24.57500,82.51500&travelmode=driving","https://www.google.com/maps/search/?api=1&query=24.57500,82.51500+(Chitrangi+-+Rihand+Catchment+Agroforestry+&+Bamboo+Plantation)",Direct Landowner / Farmer,Shailendra Singh Markam,+91 94257 11405,https://wa.me/919425711405?text=Interested%20in%20Chitrangi%20-%20Rihand%20Catchment%20Agroforestry%20&%20Bamboo%20Plantation,0.705,Commercial Dragonfruit & Taiwanese Pink Guava Polyhouse,90.6,"03 Oct 2026, 19:45 IST"
55,NO,Sagri - Ghaghara River Terai Alluvial Sugar & Banana Plantation,Azamgarh,Uttar Pradesh,"Sagri Tehsil, Ghaghara Terai Belt, Azamgarh",80 to 100 km,122.8,2h 22m,Kacheri Varanasi near Varuna Pul (Collectorate / Court),94.48,8.0,12.8,256.0,256.0,32374.9,12.0,0.96,79,Deep Riverbed Terai Silt Loam,7.0,0.91,Perennial River Aquifer Deep Borewell (140 ft),181,210,Installed ✅,Dedicated 3-Phase Agro Line,"Organic Medicinal Ashwagandha, Lemongrass & Floriculture",Papaya (Red Lady 786) & Pomegranate (Bhagwa),Basmati Rice & Golden Gram,11.0,100,A+ Sovereign Grade,100,🟢 PRISTINE: Zero Structural Negative Caveats Detected,"✅ Clean Environmental & Legal Audit: Clear alluvial soil profile, sweet perennial aquifer, unencumbered title, and direct paved road right-of-way.",UP Bhulekh Section 34 Certified • IGRSUP 12-Yr Clear • Zero Jansunwai Disputes,UP Bhulekh Portal (Khatauni 12-Column Record Verified - Khasra 511/2),IGRSUP (UP Stamp & Registration) 12-Year Barah Sala Certificate #2019943: No subsisting registered mortgages or court attachments,"CGRMS Jansunwai Citizen Grievance Portal: Zero pending public nuisance or land encroachment disputes registered against Khasra Khatauni #00780, Khasra 511/2","Khatauni #00780, Khasra 511/2",Freehold / 12-Year Clear Title,12-Year Barah Sala Certified,Allowed (Agro-Storage & Banana Packing Facility),18-ft Paved Bitumen Road Frontage,Full Chain-Link Perimeter & Gated Entry,Tier 5: Newspaper Public Notice,Azamgarh Gazette: Direct Landowner 12-Year Barah Sala Certified Freehold - Sagri - Ghaghara River Terai Alluvial ...,National Highway & Ring Road Agro Development Bulletin,21 Oct 2026,Direct Landowner 12-Year Barah Sala Certified Freehold,https://nhai.gov.in/,"https://www.google.com/maps/dir/?api=1&origin=25.33750,82.98150&destination=26.14500,83.27500&travelmode=driving","https://www.google.com/maps/search/?api=1&query=26.14500,83.27500+(Sagri+-+Ghaghara+River+Terai+Alluvial+Sugar+&+Banana+Plantation)",Direct Landowner / Farmer,Pramod Kumar Rai,+91 97922 40188,https://wa.me/919792240188?text=Interested%20in%20Sagri%20-%20Ghaghara%20River%20Terai%20Alluvial%20Sugar%20&%20Banana%20Plantation,0.687,"Organic Medicinal Ashwagandha, Lemongrass & Floriculture",94.0,"03 Oct 2026, 19:45 IST"
56,NO,Meja - Tons Riverfront Amla & Dragon Fruit Plantation,Prayagraj,Uttar Pradesh,"Meja Tehsil, Tons River Confluence, Prayagraj District",80 to 100 km,128.9,2h 29m,Kacheri Varanasi near Varuna Pul (Collectorate / Court),99.17,8.5,13.6,272.0,272.0,34398.3,16.0,1.36,88,Well-drained Gravelly Loam,7.2,0.7,Tons River Lift Pipeline & Riverbed Aquifer,213,280,Installed ✅,Dedicated 3-Phase Agro Line,Commercial Dragonfruit & Taiwanese Pink Guava Polyhouse,Banarasi Langra Mango Orchard & Seedless Lemon,Seasonal Export-Quality Green Vegetables & Baby Corn,12.0,70,B Bankable with Minor Covenants,92,🟢 PRISTINE: Zero Structural Negative Caveats Detected,⚠️ Chakbandi Alignment Check: Section 9 UP Consolidation notification in progress in adjoining revenue village. Physical total station (ETS) boundary demarcation recommended prior to registry.,UP Bhulekh Section 34 Certified • IGRSUP 12-Yr Clear • Zero Jansunwai Disputes,UP Bhulekh Portal (Khatauni 12-Column Record Verified - Khasra 190 (Tehsil Meja)),IGRSUP (UP Stamp & Registration) 12-Year Barah Sala Certificate #2020250: No subsisting registered mortgages or court attachments,CGRMS Jansunwai Citizen Grievance Portal: Zero pending public nuisance or land encroachment disputes registered against Khasra Khatauni 00366 / Khasra 190 (Tehsil Meja),Khatauni 00366 / Khasra 190 (Tehsil Meja),Freehold Cleared,UP Bhulekh Digital Khatauni,Up to 10% permissible,18-ft Paved Bitumen Road Frontage,Full Chain-Link Perimeter & Gated Entry,Tier 4: Social / Video Direct Lead,Prayagraj Gazette: UP Bhulekh Section 34 Dakhil-Kharij Certified RTC - Meja - Tons Riverfront Amla & Dragon F...,Purvanchal Agro-Forestry & Sandalwood Mission,04 Sep 2026,UP Bhulekh Section 34 Dakhil-Kharij Certified RTC,https://forest.up.gov.in/,"https://www.google.com/maps/dir/?api=1&origin=25.33750,82.98150&destination=25.14000,82.02000&travelmode=driving","https://www.google.com/maps/search/?api=1&query=25.14000,82.02000+(Meja+-+Tons+Riverfront+Amla+&+Dragon+Fruit+Plantation)",Direct Landowner / Farmer,Virendra Shukla,+91-94520-44911,https://wa.me/919452044911?text=Interested%20in%20Meja%20-%20Tons%20Riverfront%20Amla%20&%20Dragon%20Fruit%20Plantation,0.792,Commercial Dragonfruit & Taiwanese Pink Guava Polyhouse,88.0,"03 Oct 2026, 19:45 IST"
57,NO,Koraon - Belan River Valley Organic Guava & Mustard Ranch,Prayagraj,Uttar Pradesh,"Koraon Tehsil, Belan River Valley, Prayagraj",100 to 200 km Buffer,130.3,2h 30m,Kacheri Varanasi near Varuna Pul (Collectorate / Court),100.22,8.0,12.8,256.0,256.0,32374.9,11.5,0.92,98,Red Sandy Alluvium (Ideal for Guava Taproot),6.8,0.77,Belan Canal System + Deep Solar Tube Well,209,210,Installed ✅,Dedicated 3-Phase Agro Line,Commercial Dragonfruit & Taiwanese Pink Guava Polyhouse,Banarasi Langra Mango Orchard & Seedless Lemon,Seasonal Export-Quality Green Vegetables & Baby Corn,12.0,100,A+ Sovereign Grade,100,🟢 PRISTINE: Zero Structural Negative Caveats Detected,"✅ Clean Environmental & Legal Audit: Clear alluvial soil profile, sweet perennial aquifer, unencumbered title, and direct paved road right-of-way.",UP Bhulekh Section 34 Certified • IGRSUP 12-Yr Clear • Zero Jansunwai Disputes,UP Bhulekh Portal (Khatauni 12-Column Record Verified - Khasra 715/2),IGRSUP (UP Stamp & Registration) 12-Year Barah Sala Certificate #2023902: No subsisting registered mortgages or court attachments,"CGRMS Jansunwai Citizen Grievance Portal: Zero pending public nuisance or land encroachment disputes registered against Khasra Khatauni #00640, Khasra 715/2","Khatauni #00640, Khasra 715/2",Freehold Clean Title,12-Year Barah Sala Certified,Allowed for Farmhouse & Guava Grading Shed,18-ft Paved Bitumen Road Frontage,Full Chain-Link Perimeter & Gated Entry,Tier 1: Government Land Registry,Prayagraj Gazette: Purvanchal Horticulture Export Hub Approved Estate - Koraon - Belan River Valley Organic Gu...,State Bank of India SARB Varanasi E-Auction,26 Sep 2026,Purvanchal Horticulture Export Hub Approved Estate,https://ibapi.in/,"https://www.google.com/maps/dir/?api=1&origin=25.33750,82.98150&destination=24.98500,82.06500&travelmode=driving","https://www.google.com/maps/search/?api=1&query=24.98500,82.06500+(Koraon+-+Belan+River+Valley+Organic+Guava+&+Mustard+Ranch)",Direct Landowner / Farmer,Vidyadhar Mishra,+91 94151 55902,https://wa.me/919415155902?text=Interested%20in%20Koraon%20-%20Belan%20River%20Valley%20Organic%20Guava%20&%20Mustard%20Ranch,0.779,Commercial Dragonfruit & Taiwanese Pink Guava Polyhouse,93.7,"03 Oct 2026, 19:45 IST"
58,NO,Itarhi - Ganga Alluvial Basin Triple-Cropped Farmland,Buxar,Bihar,"Itarhi Block, Buxar District, Bihar",100 to 200 km Buffer,132.0,2h 32m,Kacheri Varanasi near Varuna Pul (Collectorate / Court),101.51,6.0,9.6,192.0,192.0,24281.1,13.0,0.78,67,Alluvial Clay Loam,7.4,0.82,Canal Feed + Submersible Borewell,180,250,Not Installed,Dedicated 3-Phase Agro Line,Teakwood Perimeter & High-Density Amla Plantation,Allahabad Surkha Guava & Sweet Lime (Mosambi),"Black Gram (Urad), Lentils & Pearl Millet",9.5,100,A+ Sovereign Grade,86,🟡 MINOR: Low Risk with Standard Operational Advisories,⚠️ Low Plinth Inundation Risk: Elevation is 67.0m MSL (<74m benchmark). Parcel borders seasonal runoff catchment; potential 3-5 day water stagnation during peak monsoon.,UP Bhulekh Section 34 Certified • IGRSUP 12-Yr Clear • Zero Jansunwai Disputes,UP Bhulekh Portal (Khatauni 12-Column Record Verified - Khasra 281/2),IGRSUP (UP Stamp & Registration) 12-Year Barah Sala Certificate #2017109: No subsisting registered mortgages or court attachments,"CGRMS Jansunwai Citizen Grievance Portal: Zero pending public nuisance or land encroachment disputes registered against Khasra Jamabandi #00329, Khasra 281/2","Jamabandi #00329, Khasra 281/2",Clean Freehold Title,Bihar Bhumi Certified Jamabandi,Standard Agro-Dwelling Permitted,18-ft Paved Bitumen Road Frontage,Full Chain-Link Perimeter & Gated Entry,Tier 3: Verified Real Estate Portal,Buxar Gazette: Direct Landowner 12-Year Barah Sala Certified Freehold - Itarhi - Ganga Alluvial Basin Triple-C...,UP Bhulekh Official Revenue Portal,17 Sep 2026,Direct Landowner 12-Year Barah Sala Certified Freehold,https://upbhulekh.gov.in/,"https://www.google.com/maps/dir/?api=1&origin=25.33750,82.98150&destination=25.44500,83.98500&travelmode=driving","https://www.google.com/maps/search/?api=1&query=25.44500,83.98500+(Itarhi+-+Ganga+Alluvial+Basin+Triple-Cropped+Farmland)",Direct Landowner / Farmer,Mithilesh Pandey,+91 94318 44021,https://wa.me/919431844021?text=Interested%20in%20Itarhi%20-%20Ganga%20Alluvial%20Basin%20Triple-Cropped%20Farmland,0.777,Teakwood Perimeter & High-Density Amla Plantation,96.1,"03 Oct 2026, 19:45 IST"
59,NO,Buxar - Ganga Alluvial Basin High-Silt Seed Breeding Ranch,Buxar,Bihar,"Buxar Tehsil, Ganga Alluvial Basin, Bihar Border Belt",100 to 200 km Buffer,134.0,2h 35m,Kacheri Varanasi near Varuna Pul (Collectorate / Court),103.08,3.5,5.6,112.0,112.0,14164.0,30.0,1.05,68,"Deep Gangetic Floodplain Silt Loam (Naturally renewed topsoil, high nitrogen)",7.4,0.93,Borewell with 4-inch discharge + Ganga Pumping Scheme canal line,38,205,Not Installed,3-Phase Agro Line with subsidized agricultural power,Commercial Dragonfruit & Taiwanese Pink Guava Polyhouse,Banarasi Langra Mango Orchard & Seedless Lemon,Seasonal Export-Quality Green Vegetables & Baby Corn,12.0,100,A+ Sovereign Grade,76,🔴 CAUTION: Heightened Environmental / Boundary Scrutiny Required,⚠️ Low Plinth Inundation Risk: Elevation is 68.0m MSL (<74m benchmark). Parcel borders seasonal runoff catchment; potential 3-5 day water stagnation during peak monsoon. • ⚠️ Overhead HT Power Line: 132kV UPPTCL regional feeder traverses parcel perimeter. 15-metre buffer zone mandates tree height restriction (<4 metres) directly underneath.,UP Bhulekh Section 34 Certified • IGRSUP 12-Yr Clear • Zero Jansunwai Disputes,"UP Bhulekh Portal (Khatauni 12-Column Record Verified - Khasra No. 402, Khata No. 61, Thana No. 142)",IGRSUP (UP Stamp & Registration) 12-Year Barah Sala Certificate #2023081: No subsisting registered mortgages or court attachments,"CGRMS Jansunwai Citizen Grievance Portal: Zero pending public nuisance or land encroachment disputes registered against Khasra Khasra No. 402, Khata No. 61, Thana No. 142","Khasra No. 402, Khata No. 61, Thana No. 142","Clean Freehold Raiyati Land, LPC certified by Buxar Circle Officer","Bihar Bhumi Portal Certified Khatiyan, Dakhil-Kharij complete",Permissible for farmhouse and seed processing shed,22-ft Metalled approach road connecting to Buxar-Patna Highway,Demarcated with boundary stone pillars,Tier 1: Government Land Registry,Buxar Gazette: 30-Day Mutation & Title Caveat Cleared (Dispute-Free) - Buxar - Ganga Alluvial Basin High-Silt...,Dainik Jagran Varanasi Edition,13 Oct 2026,30-Day Mutation & Title Caveat Cleared (Dispute-Free),https://epaper.jagran.com/epaper/city/varanasi,"https://www.google.com/maps/dir/?api=1&origin=25.33750,82.98150&destination=25.56400,83.97700&travelmode=driving","https://www.google.com/maps/search/?api=1&query=25.56400,83.97700+(Buxar+-+Ganga+Alluvial+Basin+High-Silt+Seed+Breeding+Ranch)",Direct Owner / Farmer,Satyanarayan Ojha (Landowner),+91 94314 55102,https://wa.me/919431455102?text=Interested%20in%20Buxar%20-%20Ganga%20Alluvial%20Basin%20High-Silt%20Seed%20Breeding%20Ranch,0.681,Commercial Dragonfruit & Taiwanese Pink Guava Polyhouse,96.9,"03 Oct 2026, 19:45 IST"
60,NO,Naini - Yamuna South Bluff Organic Lemon & Dragon Fruit Estate,Prayagraj,Uttar Pradesh,"Naini Rural Southern Fringe, Prayagraj",100 to 200 km Buffer,143.4,2h 45m,Kacheri Varanasi near Varuna Pul (Collectorate / Court),110.3,4.0,6.4,128.0,128.0,16187.4,28.0,1.12,98,Yamuna Bluff Sandy Silt Alluvium,7.0,0.86,Yamuna Aquifer Deep Borewell (210 ft),188,230,Installed ✅,Dedicated 3-Phase Agro Line,Teakwood Perimeter & High-Density Amla Plantation,Allahabad Surkha Guava & Sweet Lime (Mosambi),"Black Gram (Urad), Lentils & Pearl Millet",9.5,100,A+ Sovereign Grade,100,🟢 PRISTINE: Zero Structural Negative Caveats Detected,"✅ Clean Environmental & Legal Audit: Clear alluvial soil profile, sweet perennial aquifer, unencumbered title, and direct paved road right-of-way.",UP Bhulekh Section 34 Certified • IGRSUP 12-Yr Clear • Zero Jansunwai Disputes,UP Bhulekh Portal (Khatauni 12-Column Record Verified - Khasra 114/2),IGRSUP (UP Stamp & Registration) 12-Year Barah Sala Certificate #2026305: No subsisting registered mortgages or court attachments,"CGRMS Jansunwai Citizen Grievance Portal: Zero pending public nuisance or land encroachment disputes registered against Khasra Khatauni #00190, Khasra 114/2","Khatauni #00190, Khasra 114/2",Freehold Title / Single Seller,Certified UP Bhulekh RTC,Permissible (Up to 15% Green Farmhouse),18-ft Paved Bitumen Road Frontage,Full Chain-Link Perimeter & Gated Entry,Tier 2: Bank Distress / SARFAESI Auction,Prayagraj Gazette: Ring Road Phase 2 Green Corridor Commercial Zone - Naini - Yamuna South Bluff Organic Lem...,National Highway & Ring Road Agro Development Bulletin,10 Oct 2026,Ring Road Phase 2 Green Corridor Commercial Zone,https://nhai.gov.in/,"https://www.google.com/maps/dir/?api=1&origin=25.33750,82.98150&destination=25.38500,81.88500&travelmode=driving","https://www.google.com/maps/search/?api=1&query=25.38500,81.88500+(Naini+-+Yamuna+South+Bluff+Organic+Lemon+&+Dragon+Fruit+Estate)",Verified Agricultural Broker,Praveen Srivastava,+91 94155 89201,https://wa.me/919415589201?text=Interested%20in%20Naini%20-%20Yamuna%20South%20Bluff%20Organic%20Lemon%20&%20Dragon%20Fruit%20Estate,0.801,Teakwood Perimeter & High-Density Amla Plantation,90.4,"03 Oct 2026, 19:45 IST"
61,NO,Sasaram - Grand Trunk Road High-Speed Canal Agri-Ranch,Rohtas,Bihar,"Sasaram - Nokha Agricultural Highway, Rohtas District",100 to 200 km Buffer,135.0,2h 36m,Kacheri Varanasi near Varuna Pul (Collectorate / Court),110.67,10.0,16.0,320.0,320.0,40468.6,18.0,1.8,105,Rich Sone Alluvial Heavy Clay,7.3,0.92,High-Capacity Sone Main Canal & Tubewells,192,190,Installed ✅,Dedicated 3-Phase Agro Line,Teakwood Perimeter & High-Density Amla Plantation,Allahabad Surkha Guava & Sweet Lime (Mosambi),"Black Gram (Urad), Lentils & Pearl Millet",9.5,70,B Bankable with Minor Covenants,100,🟢 PRISTINE: Zero Structural Negative Caveats Detected,"✅ Clean Environmental & Legal Audit: Clear alluvial soil profile, sweet perennial aquifer, unencumbered title, and direct paved road right-of-way.",UP Bhulekh Section 34 Certified • IGRSUP 12-Yr Clear • Zero Jansunwai Disputes,UP Bhulekh Portal (Khatauni 12-Column Record Verified - Khasra Bihar Bhumi Jamabandi 4412 / Khesra 521 (Sasaram Anchal)),IGRSUP (UP Stamp & Registration) 12-Year Barah Sala Certificate #2018429: No subsisting registered mortgages or court attachments,CGRMS Jansunwai Citizen Grievance Portal: Zero pending public nuisance or land encroachment disputes registered against Khasra Bihar Bhumi Jamabandi 4412 / Khesra 521 (Sasaram Anchal),Bihar Bhumi Jamabandi 4412 / Khesra 521 (Sasaram Anchal),Freehold Cleared,Bihar Bhumi Digital Jamabandi,Up to 10% permissible,18-ft Paved Bitumen Road Frontage,Full Chain-Link Perimeter & Gated Entry,Tier 1: Government Land Registry,Rohtas Gazette: UP Bhulekh Section 34 Dakhil-Kharij Certified RTC - Sasaram - Grand Trunk Road High-Speed ...,State Bank of India SARB Varanasi E-Auction,26 Oct 2026,UP Bhulekh Section 34 Dakhil-Kharij Certified RTC,https://ibapi.in/,"https://www.google.com/maps/dir/?api=1&origin=25.33750,82.98150&destination=25.01000,84.02000&travelmode=driving","https://www.google.com/maps/search/?api=1&query=25.01000,84.02000+(Sasaram+-+Grand+Trunk+Road+High-Speed+Canal+Agri-Ranch)",Direct Landowner / Farmer,Alok Ranjan Singh,+91-94310-77620,https://wa.me/919431077620?text=Interested%20in%20Sasaram%20-%20Grand%20Trunk%20Road%20High-Speed%20Canal%20Agri-Ranch,0.758,Teakwood Perimeter & High-Density Amla Plantation,91.3,"03 Oct 2026, 19:45 IST"
62,NO,Dehri-on-Sone - Sasaram Sone Canal Basmati & Wheat Agro-Ranch,Rohtas,Bihar,"Dehri-on-Sone - Sasaram Agro Hub, Rohtas District, Bihar Border Belt",100 to 200 km Buffer,148.2,2h 51m,Kacheri Varanasi near Varuna Pul (Collectorate / Court),114.01,4.5,7.2,144.0,144.0,18210.9,28.0,1.26,105,Alluvial Clay Loam (Granary of Bihar - 100% canal irrigated basmati soil),7.3,0.89,Perennial Sone High Canal Network gravity feed + Tubewell,45,210,Not Installed,3-Phase Agro Power Line with agricultural subsidy,Commercial Dragonfruit & Taiwanese Pink Guava Polyhouse,Banarasi Langra Mango Orchard & Seedless Lemon,Seasonal Export-Quality Green Vegetables & Baby Corn,12.0,100,A+ Sovereign Grade,90,🟢 PRISTINE: Zero Structural Negative Caveats Detected,⚠️ Overhead HT Power Line: 132kV UPPTCL regional feeder traverses parcel perimeter. 15-metre buffer zone mandates tree height restriction (<4 metres) directly underneath.,UP Bhulekh Section 34 Certified • IGRSUP 12-Yr Clear • Zero Jansunwai Disputes,"UP Bhulekh Portal (Khatauni 12-Column Record Verified - Khasra No. 719, Khata No. 88, Thana No. 302)",IGRSUP (UP Stamp & Registration) 12-Year Barah Sala Certificate #2026884: No subsisting registered mortgages or court attachments,"CGRMS Jansunwai Citizen Grievance Portal: Zero pending public nuisance or land encroachment disputes registered against Khasra Khasra No. 719, Khata No. 88, Thana No. 302","Khasra No. 719, Khata No. 88, Thana No. 302","Clean Raiyati Freehold Land, LPC certified by Dehri Circle Officer","Bihar Bhumi Portal Certified Khatiyan, Dakhil-Kharij complete",Permissible for residential farmhouse and storage facility,24-ft Wide Paved Road connecting to NH-19 (GT Road),Demarcated with concrete boundary pillars,Tier 1: Government Land Registry,Rohtas Gazette: SARFAESI Sec 13(4) Bank Recovery E-Auction Notice - Dehri-on-Sone - Sasaram Sone Canal Bas...,National Highway & Ring Road Agro Development Bulletin,24 Oct 2026,SARFAESI Sec 13(4) Bank Recovery E-Auction Notice,https://nhai.gov.in/,"https://www.google.com/maps/dir/?api=1&origin=25.33750,82.98150&destination=24.95200,84.03100&travelmode=driving","https://www.google.com/maps/search/?api=1&query=24.95200,84.03100+(Dehri-on-Sone+-+Sasaram+Sone+Canal+Basmati+&+Wheat+Agro-Ranch)",Direct Owner / Farmer,Girish Chandra Verma (Direct Landowner),+91 94318 44091,https://wa.me/919431844091?text=Interested%20in%20Dehri-on-Sone%20-%20Sasaram%20Sone%20Canal%20Basmati%20&%20Wheat%20Agro-Ranch,0.74,Commercial Dragonfruit & Taiwanese Pink Guava Polyhouse,89.1,"03 Oct 2026, 19:45 IST"
63,NO,Prayagraj - Phaphamau Ganga Bluff Organic Guava Farm (Kashi-Prayag Corridor),Prayagraj,Uttar Pradesh,"Phaphamau Ganga Northern High Ridge, Prayagraj",100 to 200 km Buffer,149.0,2h 52m,Kacheri Varanasi near Varuna Pul (Collectorate / Court),114.58,2.5,4.0,80.0,80.0,10117.1,58.0,1.45,94,Fine Gangetic Sandy Loam (World-famous soil profile for Allahabad Safeda Guava),7.3,0.84,Borewell with 4-inch pump (High water table sweet drinking quality),42,215,Installed ✅,3-Phase Dedicated Farm Feeder + Solar Tubewell Backup,Teakwood Perimeter & High-Density Amla Plantation,Allahabad Surkha Guava & Sweet Lime (Mosambi),"Black Gram (Urad), Lentils & Pearl Millet",9.5,100,A+ Sovereign Grade,92,🟢 PRISTINE: Zero Structural Negative Caveats Detected,⚠️ Chakbandi Alignment Check: Section 9 UP Consolidation notification in progress in adjoining revenue village. Physical total station (ETS) boundary demarcation recommended prior to registry.,UP Bhulekh Section 34 Certified • IGRSUP 12-Yr Clear • Zero Jansunwai Disputes,"UP Bhulekh Portal (Khatauni 12-Column Record Verified - Khasra No. 419/1, Khatauni Khata No. 82)",IGRSUP (UP Stamp & Registration) 12-Year Barah Sala Certificate #2023249: No subsisting registered mortgages or court attachments,"CGRMS Jansunwai Citizen Grievance Portal: Zero pending public nuisance or land encroachment disputes registered against Khasra Khasra No. 419/1, Khatauni Khata No. 82","Khasra No. 419/1, Khatauni Khata No. 82","100% Clear Freehold Bhumidhari Title, No Bank Mortgages or Liens","UP Bhulekh Certified Khatauni, Soraon Tehsil mutated",Permissible for residential farmhouse / agro-retreat villa,"25-ft Paved Approach Road, 1.5 km from NH-19 Prayagraj Bypass",Full perimeter angle iron posts with GI chainlink fencing,Tier 1: Government Land Registry,Prayagraj Gazette: PM-KUSUM Solar Tubewell Energization Gazette - Prayagraj - Phaphamau Ganga Bluff Orga...,State Bank of India SARB Varanasi E-Auction,12 Sep 2026,PM-KUSUM Solar Tubewell Energization Gazette,https://ibapi.in/,"https://www.google.com/maps/dir/?api=1&origin=25.33750,82.98150&destination=25.43500,81.84600&travelmode=driving","https://www.google.com/maps/search/?api=1&query=25.43500,81.84600+(Prayagraj+-+Phaphamau+Ganga+Bluff+Organic+Guava+Farm+(Kashi-Prayag+Corridor))",Direct Owner / Farmer,Santosh Kumar Shukla (Direct Landowner),+91 94152 11985,https://wa.me/919415211985?text=Interested%20in%20Prayagraj%20-%20Phaphamau%20Ganga%20Bluff%20Organic%20Guava%20Farm%20(Kashi-Prayag%20Corridor),0.728,Teakwood Perimeter & High-Density Amla Plantation,93.9,"03 Oct 2026, 19:45 IST"
64,NO,Dumraon - Son Canal Network High-Yield Basmati & Seed Breeding Farm,Buxar,Bihar,"Dumraon Royal Hinterland, Buxar District",100 to 200 km Buffer,155.9,3h,Kacheri Varanasi near Varuna Pul (Collectorate / Court),119.92,8.5,13.6,272.0,272.0,34398.3,14.5,1.23,67,Deep Gangetic Silt Loam (High Nitrogen),7.3,0.89,Son Canal Perennial Branch + 2 Tubewells,150,230,Not Installed,Dedicated 3-Phase Agro Line,"Organic Medicinal Ashwagandha, Lemongrass & Floriculture",Papaya (Red Lady 786) & Pomegranate (Bhagwa),Basmati Rice & Golden Gram,11.0,100,A+ Sovereign Grade,86,🟡 MINOR: Low Risk with Standard Operational Advisories,⚠️ Low Plinth Inundation Risk: Elevation is 67.0m MSL (<74m benchmark). Parcel borders seasonal runoff catchment; potential 3-5 day water stagnation during peak monsoon.,UP Bhulekh Section 34 Certified • IGRSUP 12-Yr Clear • Zero Jansunwai Disputes,UP Bhulekh Portal (Khatauni 12-Column Record Verified - Khasra 512/1),IGRSUP (UP Stamp & Registration) 12-Year Barah Sala Certificate #2015588: No subsisting registered mortgages or court attachments,"CGRMS Jansunwai Citizen Grievance Portal: Zero pending public nuisance or land encroachment disputes registered against Khasra Jamabandi #00741, Khasra 512/1","Jamabandi #00741, Khasra 512/1",Freehold / 100% Mutation Verified,Bihar Bhumi Certified Jamabandi,Standard Agro-Storage Permitted,18-ft Paved Bitumen Road Frontage,Full Chain-Link Perimeter & Gated Entry,Tier 1: Government Land Registry,Buxar Gazette: 30-Day Mutation & Title Caveat Cleared (Dispute-Free) - Dumraon - Son Canal Network High-Yield...,Purvanchal Agro-Forestry & Sandalwood Mission,05 Sep 2026,30-Day Mutation & Title Caveat Cleared (Dispute-Free),https://forest.up.gov.in/,"https://www.google.com/maps/dir/?api=1&origin=25.33750,82.98150&destination=25.55200,84.15200&travelmode=driving","https://www.google.com/maps/search/?api=1&query=25.55200,84.15200+(Dumraon+-+Son+Canal+Network+High-Yield+Basmati+&+Seed+Breeding+Farm)",Direct Landowner / Farmer,Raghuvansh Narayan Singh,+91 94312 90184,https://wa.me/919431290184?text=Interested%20in%20Dumraon%20-%20Son%20Canal%20Network%20High-Yield%20Basmati%20&%20Seed%20Breeding%20Farm,0.771,"Organic Medicinal Ashwagandha, Lemongrass & Floriculture",95.0,"03 Oct 2026, 19:45 IST"
65,NO,Nokha - Sone Basin High-Yield Pulses & Certified Seed Ranch,Rohtas,Bihar,"Nokha Block, Rohtas District, Bihar",100 to 200 km Buffer,158.1,3h 2m,Kacheri Varanasi near Varuna Pul (Collectorate / Court),121.62,7.0,11.2,224.0,224.0,28328.0,14.0,0.98,118,Alluvial Loam with Optimal Calcium Content,7.3,0.85,Sone Canal Feeder + Submersible Pump,201,230,Installed ✅,Dedicated 3-Phase Agro Line,"Organic Medicinal Ashwagandha, Lemongrass & Floriculture",Papaya (Red Lady 786) & Pomegranate (Bhagwa),Basmati Rice & Golden Gram,11.0,100,A+ Sovereign Grade,100,🟢 PRISTINE: Zero Structural Negative Caveats Detected,"✅ Clean Environmental & Legal Audit: Clear alluvial soil profile, sweet perennial aquifer, unencumbered title, and direct paved road right-of-way.",UP Bhulekh Section 34 Certified • IGRSUP 12-Yr Clear • Zero Jansunwai Disputes,UP Bhulekh Portal (Khatauni 12-Column Record Verified - Khasra 312/1),IGRSUP (UP Stamp & Registration) 12-Year Barah Sala Certificate #2021857: No subsisting registered mortgages or court attachments,"CGRMS Jansunwai Citizen Grievance Portal: Zero pending public nuisance or land encroachment disputes registered against Khasra Jamabandi #00412, Khasra 312/1","Jamabandi #00412, Khasra 312/1",Freehold / 100% Mutation Verified,Bihar Bhumi Jamabandi Registered,Standard Agro-Storage Permitted,18-ft Paved Bitumen Road Frontage,Full Chain-Link Perimeter & Gated Entry,Tier 3: Verified Real Estate Portal,Rohtas Gazette: Ring Road Phase 2 Green Corridor Commercial Zone - Nokha - Sone Basin High-Yield Pulses &...,Amar Ujala Kashi Bulletin,15 Sep 2026,Ring Road Phase 2 Green Corridor Commercial Zone,https://epaper.amarujala.com/varanasi,"https://www.google.com/maps/dir/?api=1&origin=25.33750,82.98150&destination=25.07500,84.15500&travelmode=driving","https://www.google.com/maps/search/?api=1&query=25.07500,84.15500+(Nokha+-+Sone+Basin+High-Yield+Pulses+&+Certified+Seed+Ranch)",Direct Landowner / Farmer,Pankaj Kumar Singh,+91 94318 90112,https://wa.me/919431890112?text=Interested%20in%20Nokha%20-%20Sone%20Basin%20High-Yield%20Pulses%20&%20Certified%20Seed%20Ranch,0.694,"Organic Medicinal Ashwagandha, Lemongrass & Floriculture",96.1,"03 Oct 2026, 19:45 IST"
66,NO,Renukoot - Rihand Reservoir Agro-Buffer Teak & Citrus Orchard,Sonbhadra,Uttar Pradesh,"Renukoot Hinterland, Rihand Dam Catchment, Sonbhadra",100 to 200 km Buffer,163.8,3h 9m,Kacheri Varanasi near Varuna Pul (Collectorate / Court),126.0,10.0,16.0,320.0,320.0,40468.6,9.0,0.9,240,Plateau Red Soil with High Iron & Phosphorus,6.7,0.88,Rihand Reservoir Water Table + Tube Well,186,165,Installed ✅,Dedicated 3-Phase Agro Line,Export Polyhouse Dutch Roses & Hydroponic Greens,Litchi & High-Density Guava,"Mustard, Wheat & Chickpeas",16.0,100,A+ Sovereign Grade,100,🟢 PRISTINE: Zero Structural Negative Caveats Detected,"✅ Clean Environmental & Legal Audit: Clear alluvial soil profile, sweet perennial aquifer, unencumbered title, and direct paved road right-of-way.",UP Bhulekh Section 34 Certified • IGRSUP 12-Yr Clear • Zero Jansunwai Disputes,UP Bhulekh Portal (Khatauni 12-Column Record Verified - Khasra 650/1),IGRSUP (UP Stamp & Registration) 12-Year Barah Sala Certificate #2026487: No subsisting registered mortgages or court attachments,"CGRMS Jansunwai Citizen Grievance Portal: Zero pending public nuisance or land encroachment disputes registered against Khasra Khatauni #00145, Khasra 650/1","Khatauni #00145, Khasra 650/1",Clean Freehold Title,12-Year Barah Sala Certified,Standard Agro-Storage Permitted,18-ft Paved Bitumen Road Frontage,Full Chain-Link Perimeter & Gated Entry,Tier 3: Verified Real Estate Portal,Sonbhadra Gazette: Ring Road Phase 2 Green Corridor Commercial Zone - Renukoot - Rihand Reservoir Agro-Buffe...,Dainik Jagran Varanasi Edition,10 Sep 2026,Ring Road Phase 2 Green Corridor Commercial Zone,https://epaper.jagran.com/epaper/city/varanasi,"https://www.google.com/maps/dir/?api=1&origin=25.33750,82.98150&destination=24.20500,83.02500&travelmode=driving","https://www.google.com/maps/search/?api=1&query=24.20500,83.02500+(Renukoot+-+Rihand+Reservoir+Agro-Buffer+Teak+&+Citrus+Orchard)",Direct Landowner / Farmer,Vimal Agrawal,+91 94150 49103,https://wa.me/919415049103?text=Interested%20in%20Renukoot%20-%20Rihand%20Reservoir%20Agro-Buffer%20Teak%20&%20Citrus%20Orchard,0.757,Export Polyhouse Dutch Roses & Hydroponic Greens,94.3,"03 Oct 2026, 19:45 IST"
67,NO,Dudhi - Kanhar Valley Tribal Agro-Horticulture & Chironji Estate,Sonbhadra,Uttar Pradesh,"Dudhi Tehsil, Kanhar River Valley, Sonbhadra",100 to 200 km Buffer,165.9,3h 11m,Kacheri Varanasi near Varuna Pul (Collectorate / Court),127.62,15.0,24.0,480.0,480.0,60702.8,6.5,0.97,240,Virgin Forest Red Loam with Rich Organic Humus,6.6,1.12,Kanhar River Irrigation Scheme + Natural Springs,203,140,Installed ✅,Dedicated 3-Phase Agro Line,Teakwood Perimeter & High-Density Amla Plantation,Allahabad Surkha Guava & Sweet Lime (Mosambi),"Black Gram (Urad), Lentils & Pearl Millet",9.5,100,A+ Sovereign Grade,78,🟡 MINOR: Low Risk with Standard Operational Advisories,⚠️ Overhead HT Power Line: 132kV UPPTCL regional feeder traverses parcel perimeter. 15-metre buffer zone mandates tree height restriction (<4 metres) directly underneath. • ⚠️ Multi-Sharer Khatauni: Khatauni lists 3+ recorded co-tenants. Formal registered partition deed (Bantwara) under Section 116 UP Revenue Code must precede sale execution.,UP Bhulekh Section 34 Certified • IGRSUP 12-Yr Clear • Zero Jansunwai Disputes,UP Bhulekh Portal (Khatauni 12-Column Record Verified - Khasra 1102/2),IGRSUP (UP Stamp & Registration) 12-Year Barah Sala Certificate #2022920: No subsisting registered mortgages or court attachments,"CGRMS Jansunwai Citizen Grievance Portal: Zero pending public nuisance or land encroachment disputes registered against Khasra Khatauni #00310, Khasra 1102/2","Khatauni #00310, Khasra 1102/2",Freehold Agricultural Title,Certified UP Bhulekh Khatauni,Allowed for Forest Agro-Dwelling,18-ft Paved Bitumen Road Frontage,Full Chain-Link Perimeter & Gated Entry,Tier 5: Newspaper Public Notice,Sonbhadra Gazette: SARFAESI Sec 13(4) Bank Recovery E-Auction Notice - Dudhi - Kanhar Valley Tribal Agro-Hort...,Amar Ujala Kashi Bulletin,06 Oct 2026,SARFAESI Sec 13(4) Bank Recovery E-Auction Notice,https://epaper.amarujala.com/varanasi,"https://www.google.com/maps/dir/?api=1&origin=25.33750,82.98150&destination=24.21500,83.24500&travelmode=driving","https://www.google.com/maps/search/?api=1&query=24.21500,83.24500+(Dudhi+-+Kanhar+Valley+Tribal+Agro-Horticulture+&+Chironji+Estate)",Direct Landowner / Farmer,Suraj Bhan Markam,+91 97935 66014,https://wa.me/919793566014?text=Interested%20in%20Dudhi%20-%20Kanhar%20Valley%20Tribal%20Agro-Horticulture%20&%20Chironji%20Estate,0.683,Teakwood Perimeter & High-Density Amla Plantation,95.4,"03 Oct 2026, 19:45 IST"
68,NO,Waidhan - Baidhan Basin Agro-Buffer Agroforestry & Teakwood Estate,Singrauli,Madhya Pradesh,"Waidhan Tehsil, Baidhan Basin, Singrauli District, MP Border Belt",100 to 200 km Buffer,169.8,3h 16m,Kacheri Varanasi near Varuna Pul (Collectorate / Court),130.59,6.0,9.6,192.0,192.0,24281.1,19.0,1.14,330,Plateau Loamy Red Soil with High Mineral Iron Content (Excellent for timber & bio-mass),6.8,0.77,Perennial Rihand Catchment Spring Flow + 2 Tubewells,85,215,Installed ✅,3-Phase Dedicated Agricultural Feeder Power,Teakwood Perimeter & High-Density Amla Plantation,Allahabad Surkha Guava & Sweet Lime (Mosambi),"Black Gram (Urad), Lentils & Pearl Millet",9.5,100,A+ Sovereign Grade,100,🟢 PRISTINE: Zero Structural Negative Caveats Detected,"✅ Clean Environmental & Legal Audit: Clear alluvial soil profile, sweet perennial aquifer, unencumbered title, and direct paved road right-of-way.",UP Bhulekh Section 34 Certified • IGRSUP 12-Yr Clear • Zero Jansunwai Disputes,"UP Bhulekh Portal (Khatauni 12-Column Record Verified - Khasra No. 381/4, B-1 Khata No. 62)",IGRSUP (UP Stamp & Registration) 12-Year Barah Sala Certificate #2016628: No subsisting registered mortgages or court attachments,"CGRMS Jansunwai Citizen Grievance Portal: Zero pending public nuisance or land encroachment disputes registered against Khasra Khasra No. 381/4, B-1 Khata No. 62","Khasra No. 381/4, B-1 Khata No. 62","Freehold Bhoomiswami Land, Undisputed Title, Forest NOC Obtained","MP Bhulekh Certified Khasra Record, Clean Mutation",Permissible for residential farmhouse and timber processing yard,Direct frontage on 24-ft Bitumen Road connecting to Waidhan Town,Heavy wire fencing with angle iron posts,Tier 1: Government Land Registry,Singrauli Gazette: Direct Landowner 12-Year Barah Sala Certified Freehold - Waidhan - Baidhan Basin Agro-Buffer Ag...,UP Bhulekh Official Revenue Portal,02 Oct 2026,Direct Landowner 12-Year Barah Sala Certified Freehold,https://upbhulekh.gov.in/,"https://www.google.com/maps/dir/?api=1&origin=25.33750,82.98150&destination=24.19900,82.66400&travelmode=driving","https://www.google.com/maps/search/?api=1&query=24.19900,82.66400+(Waidhan+-+Baidhan+Basin+Agro-Buffer+Agroforestry+&+Teakwood+Estate)",Direct Owner / Farmer,Dinesh Kumar Shah (Landowner),+91 94253 11840,https://wa.me/919425311840?text=Interested%20in%20Waidhan%20-%20Baidhan%20Basin%20Agro-Buffer%20Agroforestry%20&%20Teakwood%20Estate,0.751,Teakwood Perimeter & High-Density Amla Plantation,96.7,"03 Oct 2026, 19:45 IST"
69,NO,Chaugain - Sone Canal Irrigated Organic Mustard & Wheat Ranch,Buxar,Bihar,"Chaugain Block, Buxar District, Bihar",100 to 200 km Buffer,166.5,3h 12m,Kacheri Varanasi near Varuna Pul (Collectorate / Court),128.08,5.5,8.8,176.0,176.0,22257.7,12.5,0.69,67,Fine Silt Bangar Alluvium,7.2,0.85,Sone Canal Feeder + Electric Pump,184,220,Installed ✅,Dedicated 3-Phase Agro Line,Export Polyhouse Dutch Roses & Hydroponic Greens,Litchi & High-Density Guava,"Mustard, Wheat & Chickpeas",16.0,100,A+ Sovereign Grade,86,🟡 MINOR: Low Risk with Standard Operational Advisories,⚠️ Low Plinth Inundation Risk: Elevation is 67.0m MSL (<74m benchmark). Parcel borders seasonal runoff catchment; potential 3-5 day water stagnation during peak monsoon.,UP Bhulekh Section 34 Certified • IGRSUP 12-Yr Clear • Zero Jansunwai Disputes,UP Bhulekh Portal (Khatauni 12-Column Record Verified - Khasra 190/1),IGRSUP (UP Stamp & Registration) 12-Year Barah Sala Certificate #2026341: No subsisting registered mortgages or court attachments,"CGRMS Jansunwai Citizen Grievance Portal: Zero pending public nuisance or land encroachment disputes registered against Khasra Jamabandi #00511, Khasra 190/1","Jamabandi #00511, Khasra 190/1",Freehold Clean Title,Bihar Bhumi Jamabandi Verified,Standard Agro-Storage Permitted,18-ft Paved Bitumen Road Frontage,Full Chain-Link Perimeter & Gated Entry,Tier 5: Newspaper Public Notice,Buxar Gazette: Ring Road Phase 2 Green Corridor Commercial Zone - Chaugain - Sone Canal Irrigated Organi...,Amar Ujala Kashi Bulletin,01 Oct 2026,Ring Road Phase 2 Green Corridor Commercial Zone,https://epaper.amarujala.com/varanasi,"https://www.google.com/maps/dir/?api=1&origin=25.33750,82.98150&destination=25.59500,84.22500&travelmode=driving","https://www.google.com/maps/search/?api=1&query=25.59500,84.22500+(Chaugain+-+Sone+Canal+Irrigated+Organic+Mustard+&+Wheat+Ranch)",Direct Landowner / Farmer,Shambhu Nath Ojha,+91 94300 77129,https://wa.me/919430077129?text=Interested%20in%20Chaugain%20-%20Sone%20Canal%20Irrigated%20Organic%20Mustard%20&%20Wheat%20Ranch,0.726,Export Polyhouse Dutch Roses & Hydroponic Greens,90.0,"03 Oct 2026, 19:45 IST"
70,NO,Bikramganj - Son Canal Granary of Bihar High-Tech Paddy Farm,Rohtas,Bihar,"Bikramganj Agro-Mandi Corridor, Rohtas District",100 to 200 km Buffer,167.6,3h 13m,Kacheri Varanasi near Varuna Pul (Collectorate / Court),128.9,9.0,14.4,288.0,288.0,36421.7,15.5,1.4,118,Heavy Sone Alluvial Clay (Granary of Bihar),7.4,0.9,Sone Barrage High Canal + 2 Deep Tubewells,161,210,Not Installed,Dedicated 3-Phase Agro Line,"Organic Medicinal Ashwagandha, Lemongrass & Floriculture",Papaya (Red Lady 786) & Pomegranate (Bhagwa),Basmati Rice & Golden Gram,11.0,100,A+ Sovereign Grade,100,🟢 PRISTINE: Zero Structural Negative Caveats Detected,"✅ Clean Environmental & Legal Audit: Clear alluvial soil profile, sweet perennial aquifer, unencumbered title, and direct paved road right-of-way.",UP Bhulekh Section 34 Certified • IGRSUP 12-Yr Clear • Zero Jansunwai Disputes,UP Bhulekh Portal (Khatauni 12-Column Record Verified - Khasra 604/2),IGRSUP (UP Stamp & Registration) 12-Year Barah Sala Certificate #2021006: No subsisting registered mortgages or court attachments,"CGRMS Jansunwai Citizen Grievance Portal: Zero pending public nuisance or land encroachment disputes registered against Khasra Jamabandi #00892, Khasra 604/2","Jamabandi #00892, Khasra 604/2",Freehold Clean Title,Bihar Bhumi Certified Jamabandi,Allowed with Modern Cold Storage Facility,18-ft Paved Bitumen Road Frontage,Full Chain-Link Perimeter & Gated Entry,Tier 1: Government Land Registry,Rohtas Gazette: Purvanchal Horticulture Export Hub Approved Estate - Bikramganj - Son Canal Granary of Biha...,Purvanchal Agro-Forestry & Sandalwood Mission,17 Oct 2026,Purvanchal Horticulture Export Hub Approved Estate,https://forest.up.gov.in/,"https://www.google.com/maps/dir/?api=1&origin=25.33750,82.98150&destination=25.20500,84.25500&travelmode=driving","https://www.google.com/maps/search/?api=1&query=25.20500,84.25500+(Bikramganj+-+Son+Canal+Granary+of+Bihar+High-Tech+Paddy+Farm)",Direct Landowner / Farmer,Dharmendra Kumar Choudhary,+91 94312 33019,https://wa.me/919431233019?text=Interested%20in%20Bikramganj%20-%20Son%20Canal%20Granary%20of%20Bihar%20High-Tech%20Paddy%20Farm,0.725,"Organic Medicinal Ashwagandha, Lemongrass & Floriculture",90.0,"03 Oct 2026, 19:45 IST"
71,NO,Mauganj - Rewa Highway Certified Organic Teakwood Agroforestry,Rewa,Madhya Pradesh,"Mauganj - Hanumana Plateau Corridor, Rewa District",100 to 200 km Buffer,173.9,3h 21m,Kacheri Varanasi near Varuna Pul (Collectorate / Court),133.75,12.0,19.2,384.0,384.0,48562.3,12.0,1.44,310,Vindhyan Red-Black Mixed Loam,6.8,0.74,Tons Tributary Canal & Deep Aquifer Bore,152,260,Installed ✅,Dedicated 3-Phase Agro Line,Commercial Dragonfruit & Taiwanese Pink Guava Polyhouse,Banarasi Langra Mango Orchard & Seedless Lemon,Seasonal Export-Quality Green Vegetables & Baby Corn,12.0,70,B Bankable with Minor Covenants,100,🟢 PRISTINE: Zero Structural Negative Caveats Detected,"✅ Clean Environmental & Legal Audit: Clear alluvial soil profile, sweet perennial aquifer, unencumbered title, and direct paved road right-of-way.",UP Bhulekh Section 34 Certified • IGRSUP 12-Yr Clear • Zero Jansunwai Disputes,"UP Bhulekh Portal (Khatauni 12-Column Record Verified - Khasra 118/2, 118/3 (Mauganj Tehsil))",IGRSUP (UP Stamp & Registration) 12-Year Barah Sala Certificate #2016878: No subsisting registered mortgages or court attachments,"CGRMS Jansunwai Citizen Grievance Portal: Zero pending public nuisance or land encroachment disputes registered against Khasra MP Bhulekh Khasra 118/2, 118/3 (Mauganj Tehsil)","MP Bhulekh Khasra 118/2, 118/3 (Mauganj Tehsil)",Freehold Cleared,MP Bhulekh Khasra RTC,Up to 10% permissible,18-ft Paved Bitumen Road Frontage,Full Chain-Link Perimeter & Gated Entry,Tier 1: Government Land Registry,Rewa Gazette: SARFAESI Sec 13(4) Bank Recovery E-Auction Notice - Mauganj - Rewa Highway Certified Organ...,UP Bhulekh Official Revenue Portal,05 Sep 2026,SARFAESI Sec 13(4) Bank Recovery E-Auction Notice,https://upbhulekh.gov.in/,"https://www.google.com/maps/dir/?api=1&origin=25.33750,82.98150&destination=24.68000,81.87000&travelmode=driving","https://www.google.com/maps/search/?api=1&query=24.68000,81.87000+(Mauganj+-+Rewa+Highway+Certified+Organic+Teakwood+Agroforestry)",Direct Landowner / Farmer,Brijesh Tiwari,+91-94251-55829,https://wa.me/919425155829?text=Interested%20in%20Mauganj%20-%20Rewa%20Highway%20Certified%20Organic%20Teakwood%20Agroforestry,0.684,Commercial Dragonfruit & Taiwanese Pink Guava Polyhouse,89.5,"03 Oct 2026, 19:45 IST"
72,NO,Teonthar - Tons River Basin Irrigated Mustard & Pulses Farmland,Rewa,Madhya Pradesh,"Teonthar Tehsil, Tons River Valley, Rewa District, MP",100 to 200 km Buffer,180.9,3h 29m,Kacheri Varanasi near Varuna Pul (Collectorate / Court),139.14,10.0,16.0,320.0,320.0,40468.6,9.5,0.95,285,Tons River Alluvial Clay Loam,7.1,0.81,Tons River Lift Canal + Solar Borewell,163,210,Not Installed,Dedicated 3-Phase Agro Line,Certified Sandalwood (Chandan) & Hass Avocado Plantation,VNR Bihi Giant Guava & Malihabad Dussehri Mango,"Kala Namak Scented Rice, Organic Mustard & Wheat",14.5,100,A+ Sovereign Grade,100,🟢 PRISTINE: Zero Structural Negative Caveats Detected,"✅ Clean Environmental & Legal Audit: Clear alluvial soil profile, sweet perennial aquifer, unencumbered title, and direct paved road right-of-way.",UP Bhulekh Section 34 Certified • IGRSUP 12-Yr Clear • Zero Jansunwai Disputes,"UP Bhulekh Portal (Khatauni 12-Column Record Verified - Khasra #00289/2, Halka 08)",IGRSUP (UP Stamp & Registration) 12-Year Barah Sala Certificate #2022226: No subsisting registered mortgages or court attachments,"CGRMS Jansunwai Citizen Grievance Portal: Zero pending public nuisance or land encroachment disputes registered against Khasra Khasra #00289/2, Halka 08","Khasra #00289/2, Halka 08",Freehold Clean Title,MP Bhulekh Certified ROR,Standard Agro-Storage Permitted,18-ft Paved Bitumen Road Frontage,Full Chain-Link Perimeter & Gated Entry,Tier 3: Verified Real Estate Portal,Rewa Gazette: SARFAESI Sec 13(4) Bank Recovery E-Auction Notice - Teonthar - Tons River Basin Irrigated ...,State Bank of India SARB Varanasi E-Auction,07 Sep 2026,SARFAESI Sec 13(4) Bank Recovery E-Auction Notice,https://ibapi.in/,"https://www.google.com/maps/dir/?api=1&origin=25.33750,82.98150&destination=24.98500,81.65500&travelmode=driving","https://www.google.com/maps/search/?api=1&query=24.98500,81.65500+(Teonthar+-+Tons+River+Basin+Irrigated+Mustard+&+Pulses+Farmland)",Direct Landowner / Farmer,Tribhuwan Nath Shukla,+91 94258 44019,https://wa.me/919425844019?text=Interested%20in%20Teonthar%20-%20Tons%20River%20Basin%20Irrigated%20Mustard%20&%20Pulses%20Farmland,0.796,Certified Sandalwood (Chandan) & Hass Avocado Plantation,92.6,"03 Oct 2026, 19:45 IST"
73,NO,Deosar - Vindhyan Plateau Black Soil Soybean & Teakwood Estate,Singrauli,Madhya Pradesh,"Deosar Tehsil, Singrauli District, MP",100 to 200 km Buffer,188.2,3h 37m,Kacheri Varanasi near Varuna Pul (Collectorate / Court),144.77,12.0,19.2,384.0,384.0,48562.3,7.5,0.9,320,Deep Black Cotton Soil with High Mineral Fertility,7.2,0.85,Gopad River Basin Lift Scheme + Borewell,189,190,Installed ✅,Dedicated 3-Phase Agro Line,Certified Sandalwood (Chandan) & Hass Avocado Plantation,VNR Bihi Giant Guava & Malihabad Dussehri Mango,"Kala Namak Scented Rice, Organic Mustard & Wheat",14.5,100,A+ Sovereign Grade,100,🟢 PRISTINE: Zero Structural Negative Caveats Detected,"✅ Clean Environmental & Legal Audit: Clear alluvial soil profile, sweet perennial aquifer, unencumbered title, and direct paved road right-of-way.",UP Bhulekh Section 34 Certified • IGRSUP 12-Yr Clear • Zero Jansunwai Disputes,"UP Bhulekh Portal (Khatauni 12-Column Record Verified - Khasra #00418/1, Halka 12)",IGRSUP (UP Stamp & Registration) 12-Year Barah Sala Certificate #2016515: No subsisting registered mortgages or court attachments,"CGRMS Jansunwai Citizen Grievance Portal: Zero pending public nuisance or land encroachment disputes registered against Khasra Khasra #00418/1, Halka 12","Khasra #00418/1, Halka 12",Freehold / 100% Mutation Verified,MP Bhulekh Certified Khasra,Permissible (Farmhouse & Timber Storage Allowed),18-ft Paved Bitumen Road Frontage,Full Chain-Link Perimeter & Gated Entry,Tier 1: Government Land Registry,Singrauli Gazette: SARFAESI Sec 13(4) Bank Recovery E-Auction Notice - Deosar - Vindhyan Plateau Black Soil S...,Purvanchal Agro-Forestry & Sandalwood Mission,01 Oct 2026,SARFAESI Sec 13(4) Bank Recovery E-Auction Notice,https://forest.up.gov.in/,"https://www.google.com/maps/dir/?api=1&origin=25.33750,82.98150&destination=24.21500,82.25500&travelmode=driving","https://www.google.com/maps/search/?api=1&query=24.21500,82.25500+(Deosar+-+Vindhyan+Plateau+Black+Soil+Soybean+&+Teakwood+Estate)",Direct Landowner / Farmer,Rajendra Prasad Shah,+91 94253 90812,https://wa.me/919425390812?text=Interested%20in%20Deosar%20-%20Vindhyan%20Plateau%20Black%20Soil%20Soybean%20&%20Teakwood%20Estate,0.731,Certified Sandalwood (Chandan) & Hass Avocado Plantation,93.7,"03 Oct 2026, 19:45 IST"
74,NO,Mada - Ancient Caves Agro-Tourism & Amla Horticulture Ranch,Singrauli,Madhya Pradesh,"Mada Rock Cut Caves Buffer, Singrauli District, MP",100 to 200 km Buffer,199.4,3h 50m,Kacheri Varanasi near Varuna Pul (Collectorate / Court),153.35,10.0,16.0,320.0,320.0,40468.6,8.0,0.8,320,Plateau Mixed Red Clay Loam,6.8,0.86,Natural Valley Springs + Deep Solar Tube Well,174,175,Installed ✅,Dedicated 3-Phase Agro Line,Teakwood Perimeter & High-Density Amla Plantation,Allahabad Surkha Guava & Sweet Lime (Mosambi),"Black Gram (Urad), Lentils & Pearl Millet",9.5,100,A+ Sovereign Grade,92,🟢 PRISTINE: Zero Structural Negative Caveats Detected,⚠️ Chakbandi Alignment Check: Section 9 UP Consolidation notification in progress in adjoining revenue village. Physical total station (ETS) boundary demarcation recommended prior to registry.,UP Bhulekh Section 34 Certified • IGRSUP 12-Yr Clear • Zero Jansunwai Disputes,"UP Bhulekh Portal (Khatauni 12-Column Record Verified - Khasra #00312/1, Halka 05)",IGRSUP (UP Stamp & Registration) 12-Year Barah Sala Certificate #2020678: No subsisting registered mortgages or court attachments,"CGRMS Jansunwai Citizen Grievance Portal: Zero pending public nuisance or land encroachment disputes registered against Khasra Khasra #00312/1, Halka 05","Khasra #00312/1, Halka 05",Freehold Clean Title,MP Bhulekh Certified Record,Permissible (Eco-Agro Tourism Hutments Permitted),18-ft Paved Bitumen Road Frontage,Full Chain-Link Perimeter & Gated Entry,Tier 5: Newspaper Public Notice,Singrauli Gazette: SARFAESI Sec 13(4) Bank Recovery E-Auction Notice - Mada - Ancient Caves Agro-Tourism & Am...,Dainik Jagran Varanasi Edition,06 Sep 2026,SARFAESI Sec 13(4) Bank Recovery E-Auction Notice,https://epaper.jagran.com/epaper/city/varanasi,"https://www.google.com/maps/dir/?api=1&origin=25.33750,82.98150&destination=23.98500,82.68500&travelmode=driving","https://www.google.com/maps/search/?api=1&query=23.98500,82.68500+(Mada+-+Ancient+Caves+Agro-Tourism+&+Amla+Horticulture+Ranch)",Direct Landowner / Farmer,Dinesh Chandra Pandey,+91 94259 88120,https://wa.me/919425988120?text=Interested%20in%20Mada%20-%20Ancient%20Caves%20Agro-Tourism%20&%20Amla%20Horticulture%20Ranch,0.827,Teakwood Perimeter & High-Density Amla Plantation,89.5,"03 Oct 2026, 19:45 IST"
75,NO,Mangawan - Rewa Plateau Red-Black Mixed Loam Orange & Guava Orchard,Rewa,Madhya Pradesh,"Mangawan Tehsil, Rewa District, MP Border Belt (NH-30 Corridor)",100 to 200 km Buffer,248.7,4h 47m,Kacheri Varanasi near Varuna Pul (Collectorate / Court),191.27,5.0,8.0,160.0,160.0,20234.3,24.0,1.2,310,Vindhyan Plateau Red-Black Mixed Fertile Loam (High iron & mineral content),7.0,0.8,Bansagar Canal Branch + 2 Tubewells into deep aquifer,95,220,Installed ✅,MPPKVVCL 3-Phase Agro Power Line + 5 HP Solar Pump,Export Polyhouse Dutch Roses & Hydroponic Greens,Litchi & High-Density Guava,"Mustard, Wheat & Chickpeas",16.0,100,A+ Sovereign Grade,86,🟡 MINOR: Low Risk with Standard Operational Advisories,⚠️ Chakbandi Alignment Check: Section 9 UP Consolidation notification in progress in adjoining revenue village. Physical total station (ETS) boundary demarcation recommended prior to registry. • ⚠️ Sub-Arterial Access: Approach road is 12-14 ft wide bitumen link. Heavy harvest transport (10-wheeler trucks) must use designated turning bays.,UP Bhulekh Section 34 Certified • IGRSUP 12-Yr Clear • Zero Jansunwai Disputes,"UP Bhulekh Portal (Khatauni 12-Column Record Verified - Khasra No. 245/1, B-1 Khata No. 54)",IGRSUP (UP Stamp & Registration) 12-Year Barah Sala Certificate #2023754: No subsisting registered mortgages or court attachments,"CGRMS Jansunwai Citizen Grievance Portal: Zero pending public nuisance or land encroachment disputes registered against Khasra Khasra No. 245/1, B-1 Khata No. 54","Khasra No. 245/1, B-1 Khata No. 54","Clean Freehold Bhoomiswami Patta, 100% Undisputed Single Khata",MP Bhulekh Certified Khasra & B-1 Kistbandi Ledger,Permissible for residential farmhouse and packing house,"26-ft Paved Bitumen Road, 2 km from NH-30 Rewa-Prayagraj Highway",Full perimeter stone posts with barbed wire fencing,Tier 1: Government Land Registry,Rewa Gazette: SARFAESI Sec 13(4) Bank Recovery E-Auction Notice - Mangawan - Rewa Plateau Red-Black Mixe...,Dainik Jagran Varanasi Edition,08 Sep 2026,SARFAESI Sec 13(4) Bank Recovery E-Auction Notice,https://epaper.jagran.com/epaper/city/varanasi,"https://www.google.com/maps/dir/?api=1&origin=25.33750,82.98150&destination=24.53600,81.30300&travelmode=driving","https://www.google.com/maps/search/?api=1&query=24.53600,81.30300+(Mangawan+-+Rewa+Plateau+Red-Black+Mixed+Loam+Orange+&+Guava+Orchard)",Direct Owner / Farmer,Raghavendra Singh Baghel (Direct Landowner),+91 94251 77319,https://wa.me/919425177319?text=Interested%20in%20Mangawan%20-%20Rewa%20Plateau%20Red-Black%20Mixed%20Loam%20Orange%20&%20Guava%20Orchard,0.778,Export Polyhouse Dutch Roses & Hydroponic Greens,92.2,"03 Oct 2026, 19:45 IST"
76,NO,Govindgarh - Rewa Lake Basin Royal Sundarja Mango & Guava Estate,Rewa,Madhya Pradesh,"Govindgarh Palace Hinterland, Rewa District, MP",100 to 200 km Buffer,260.2,5h,Kacheri Varanasi near Varuna Pul (Collectorate / Court),200.16,8.0,12.8,256.0,256.0,32374.9,13.5,1.08,285,Vindhyan Red-Black Mixed Loam (GI Sundarja Mango Soil),6.8,0.88,Govindgarh Lake Feeder Canal + 2 Borewells,154,195,Installed ✅,Dedicated 3-Phase Agro Line,Teakwood Perimeter & High-Density Amla Plantation,Allahabad Surkha Guava & Sweet Lime (Mosambi),"Black Gram (Urad), Lentils & Pearl Millet",9.5,100,A+ Sovereign Grade,100,🟢 PRISTINE: Zero Structural Negative Caveats Detected,"✅ Clean Environmental & Legal Audit: Clear alluvial soil profile, sweet perennial aquifer, unencumbered title, and direct paved road right-of-way.",UP Bhulekh Section 34 Certified • IGRSUP 12-Yr Clear • Zero Jansunwai Disputes,"UP Bhulekh Portal (Khatauni 12-Column Record Verified - Khasra #00512/1, Patwari Halka 14)",IGRSUP (UP Stamp & Registration) 12-Year Barah Sala Certificate #2015182: No subsisting registered mortgages or court attachments,"CGRMS Jansunwai Citizen Grievance Portal: Zero pending public nuisance or land encroachment disputes registered against Khasra Khasra #00512/1, Patwari Halka 14","Khasra #00512/1, Patwari Halka 14",Freehold / MP Bhulekh Mutation Cleared,MP Bhulekh Khasra ROR certified,Permissible (Eco-Orchard Farmhouse Allowed),18-ft Paved Bitumen Road Frontage,Full Chain-Link Perimeter & Gated Entry,Tier 1: Government Land Registry,Rewa Gazette: 30-Day Mutation & Title Caveat Cleared (Dispute-Free) - Govindgarh - Rewa Lake Basin Royal Sun...,Dainik Jagran Varanasi Edition,19 Sep 2026,30-Day Mutation & Title Caveat Cleared (Dispute-Free),https://epaper.jagran.com/epaper/city/varanasi,"https://www.google.com/maps/dir/?api=1&origin=25.33750,82.98150&destination=24.37500,81.30500&travelmode=driving","https://www.google.com/maps/search/?api=1&query=24.37500,81.30500+(Govindgarh+-+Rewa+Lake+Basin+Royal+Sundarja+Mango+&+Guava+Estate)",Direct Landowner / Farmer,Thakur Virendra Singh Baghel,+91 94251 77109,https://wa.me/919425177109?text=Interested%20in%20Govindgarh%20-%20Rewa%20Lake%20Basin%20Royal%20Sundarja%20Mango%20&%20Guava%20Estate,0.82,Teakwood Perimeter & High-Density Amla Plantation,94.4,"03 Oct 2026, 19:45 IST"
77,NO,Rohania - Mohan Serai Logistics Frontage Agro Holding,Varanasi,Uttar Pradesh,"Mohan Serai, NH-19 Bypass, Rohania, Varanasi",Within 20 km,13.0,24 mins,Kacheri Varanasi near Varuna Pul (Collectorate / Court),10.67,3.2,5.12,102.4,102.4,12949.9,48.0,1.54,79,Rich Gangetic Alluvial Silt Loam,7.3,0.92,Perennial Deep Tubewell (Sweet Water Belt),202,182,Installed ✅,Dedicated 3-Phase Agro Line,Export Polyhouse Dutch Roses & Hydroponic Greens,Litchi & High-Density Guava,"Mustard, Wheat & Chickpeas",16.0,86,A+ Sovereign Grade,100,🟢 PRISTINE: Zero Structural Negative Caveats Detected,"✅ Clean Environmental & Legal Audit: Clear alluvial soil profile, sweet perennial aquifer, unencumbered title, and direct paved road right-of-way.",UP Bhulekh Section 34 Certified • IGRSUP 12-Yr Clear • Zero Jansunwai Disputes,UP Bhulekh Portal (Khatauni 12-Column Record Verified - Khasra 102/1),IGRSUP (UP Stamp & Registration) 12-Year Barah Sala Certificate #2022605: No subsisting registered mortgages or court attachments,"CGRMS Jansunwai Citizen Grievance Portal: Zero pending public nuisance or land encroachment disputes registered against Khasra Khatauni #243, Khasra 102/1","Khatauni #243, Khasra 102/1",Freehold Clear Title,UP Bhulekh Certified Khatauni,Allowed (Up to 10% Built-Up Permitted),18-ft Paved Bitumen Road Frontage,Full Chain-Link Perimeter & Gated Entry,Tier 2: SARFAESI Bank Distress Auction,Varanasi Gazette: SARFAESI Sec 13(4) Bank Recovery E-Auction Notice - Rohania - Mohan Serai Logistics Fronta...,Bank of Baroda Eastern UP Agro Recovery Notice,08 Oct 2026,SARFAESI Sec 13(4) Bank Recovery E-Auction Notice,https://www.bankofbaroda.in/eauction,"https://www.google.com/maps/dir/?api=1&origin=25.33750,82.98150&destination=25.26500,82.91200&travelmode=driving","https://www.google.com/maps/search/?api=1&query=25.26500,82.91200+(Rohania+-+Mohan+Serai+Logistics+Frontage+Agro+Holding)",Managed Agro-Farm Developer,Rajeshwar Singh,+91 97247 35674,https://wa.me/919724735674?text=Interested%20in%20Rohania%20-%20Mohan%20Serai%20Logistics%20Frontage%20Agro%20Holding,0.708,Export Polyhouse Dutch Roses & Hydroponic Greens,91.7,"03 Oct 2026, 19:45 IST"
78,NO,Harahua Ring Road Phase 2 Commercial Nursery & Orchard,Varanasi,Uttar Pradesh,"Harahua Flyover Corridor, Varanasi Sadar",Within 20 km,10.1,19 mins,Kacheri Varanasi near Varuna Pul (Collectorate / Court),8.08,2.8,4.48,89.6,89.6,11331.2,45.0,1.26,81,Rich Gangetic Alluvial Silt Loam,7.5,0.73,Perennial Deep Tubewell (Sweet Water Belt),141,198,Installed ✅,Dedicated 3-Phase Agro Line,"Organic Medicinal Ashwagandha, Lemongrass & Floriculture",Papaya (Red Lady 786) & Pomegranate (Bhagwa),Basmati Rice & Golden Gram,11.0,85,A Institutional Grade,100,🟢 PRISTINE: Zero Structural Negative Caveats Detected,"✅ Clean Environmental & Legal Audit: Clear alluvial soil profile, sweet perennial aquifer, unencumbered title, and direct paved road right-of-way.",UP Bhulekh Section 34 Certified • IGRSUP 12-Yr Clear • Zero Jansunwai Disputes,UP Bhulekh Portal (Khatauni 12-Column Record Verified - Khasra 136/1),IGRSUP (UP Stamp & Registration) 12-Year Barah Sala Certificate #2022755: No subsisting registered mortgages or court attachments,"CGRMS Jansunwai Citizen Grievance Portal: Zero pending public nuisance or land encroachment disputes registered against Khasra Khatauni #440, Khasra 136/1","Khatauni #440, Khasra 136/1",Freehold Clear Title,UP Bhulekh Certified Khatauni,Allowed (Up to 10% Built-Up Permitted),18-ft Paved Bitumen Road Frontage,Full Chain-Link Perimeter & Gated Entry,Tier 2: SARFAESI Bank Distress Auction,Varanasi Gazette: UP Bhulekh Section 34 Dakhil-Kharij Certified RTC - Harahua Ring Road Phase 2 Commercial N...,National Highway & Ring Road Agro Development Bulletin,14 Sep 2026,UP Bhulekh Section 34 Dakhil-Kharij Certified RTC,https://nhai.gov.in/,"https://www.google.com/maps/dir/?api=1&origin=25.33750,82.98150&destination=25.39400,82.93100&travelmode=driving","https://www.google.com/maps/search/?api=1&query=25.39400,82.93100+(Harahua+Ring+Road+Phase+2+Commercial+Nursery+&+Orchard)",Verified Agro Brokerage,Shailendra Kumar Maurya,+91 95067 34917,https://wa.me/919506734917?text=Interested%20in%20Harahua%20Ring%20Road%20Phase%202%20Commercial%20Nursery%20&%20Orchard,0.779,"Organic Medicinal Ashwagandha, Lemongrass & Floriculture",92.1,"03 Oct 2026, 19:45 IST"
79,NO,Pindra - Babatpur Agro-Cargo Gateway Freehold Land,Varanasi,Uttar Pradesh,"Pindra Tehsil, Airport Approach Link, Varanasi",20 to 40 km,25.6,37 mins,Kacheri Varanasi near Varuna Pul (Collectorate / Court),20.29,4.5,7.2,144.0,144.0,18210.9,36.0,1.62,84,Rich Gangetic Alluvial Silt Loam,7.2,0.83,Perennial Deep Tubewell (Sweet Water Belt),204,232,Installed ✅,Dedicated 3-Phase Agro Line,Commercial Dragonfruit & Taiwanese Pink Guava Polyhouse,Banarasi Langra Mango Orchard & Seedless Lemon,Seasonal Export-Quality Green Vegetables & Baby Corn,12.0,85,A+ Sovereign Grade,100,🟢 PRISTINE: Zero Structural Negative Caveats Detected,"✅ Clean Environmental & Legal Audit: Clear alluvial soil profile, sweet perennial aquifer, unencumbered title, and direct paved road right-of-way.",UP Bhulekh Section 34 Certified • IGRSUP 12-Yr Clear • Zero Jansunwai Disputes,UP Bhulekh Portal (Khatauni 12-Column Record Verified - Khasra 44/1),IGRSUP (UP Stamp & Registration) 12-Year Barah Sala Certificate #2019250: No subsisting registered mortgages or court attachments,"CGRMS Jansunwai Citizen Grievance Portal: Zero pending public nuisance or land encroachment disputes registered against Khasra Khatauni #328, Khasra 44/1","Khatauni #328, Khasra 44/1",Freehold Clear Title,UP Bhulekh Certified Khatauni,Allowed (Up to 10% Built-Up Permitted),18-ft Paved Bitumen Road Frontage,Full Chain-Link Perimeter & Gated Entry,Tier 1: Government Land Registry,Varanasi Gazette: Purvanchal Horticulture Export Hub Approved Estate - Pindra - Babatpur Agro-Cargo Gateway F...,Bank of Baroda Eastern UP Agro Recovery Notice,22 Sep 2026,Purvanchal Horticulture Export Hub Approved Estate,https://www.bankofbaroda.in/eauction,"https://www.google.com/maps/dir/?api=1&origin=25.33750,82.98150&destination=25.47200,82.84500&travelmode=driving","https://www.google.com/maps/search/?api=1&query=25.47200,82.84500+(Pindra+-+Babatpur+Agro-Cargo+Gateway+Freehold+Land)",Verified Agro Brokerage,Ashok Kumar Chaubey,+91 95895 92265,https://wa.me/919589592265?text=Interested%20in%20Pindra%20-%20Babatpur%20Agro-Cargo%20Gateway%20Freehold%20Land,0.839,Commercial Dragonfruit & Taiwanese Pink Guava Polyhouse,91.4,"03 Oct 2026, 19:45 IST"
80,NO,Ramnagar - Tengra Morh Ganga Alluvial Agro Parcel,Varanasi,Uttar Pradesh,"Tengra Morh, Ramnagar Peripheral Belt, Varanasi",Within 20 km,13.4,25 mins,Kacheri Varanasi near Varuna Pul (Collectorate / Court),10.73,2.2,3.52,70.4,70.4,8903.1,42.0,0.92,76,Rich Gangetic Alluvial Silt Loam,7.3,0.89,Perennial Deep Tubewell (Sweet Water Belt),183,210,Installed ✅,Dedicated 3-Phase Agro Line,Certified Sandalwood (Chandan) & Hass Avocado Plantation,VNR Bihi Giant Guava & Malihabad Dussehri Mango,"Kala Namak Scented Rice, Organic Mustard & Wheat",14.5,98,A+ Sovereign Grade,100,🟢 PRISTINE: Zero Structural Negative Caveats Detected,"✅ Clean Environmental & Legal Audit: Clear alluvial soil profile, sweet perennial aquifer, unencumbered title, and direct paved road right-of-way.",UP Bhulekh Section 34 Certified • IGRSUP 12-Yr Clear • Zero Jansunwai Disputes,UP Bhulekh Portal (Khatauni 12-Column Record Verified - Khasra 38/1),IGRSUP (UP Stamp & Registration) 12-Year Barah Sala Certificate #2018286: No subsisting registered mortgages or court attachments,"CGRMS Jansunwai Citizen Grievance Portal: Zero pending public nuisance or land encroachment disputes registered against Khasra Khatauni #807, Khasra 38/1","Khatauni #807, Khasra 38/1",Freehold Clear Title,UP Bhulekh Certified Khatauni,Allowed (Up to 10% Built-Up Permitted),18-ft Paved Bitumen Road Frontage,Full Chain-Link Perimeter & Gated Entry,Tier 1: Government Land Registry,Varanasi Gazette: Purvanchal Horticulture Export Hub Approved Estate - Ramnagar - Tengra Morh Ganga Alluvial ...,Amar Ujala Kashi Bulletin,08 Sep 2026,Purvanchal Horticulture Export Hub Approved Estate,https://epaper.amarujala.com/varanasi,"https://www.google.com/maps/dir/?api=1&origin=25.33750,82.98150&destination=25.25800,83.04200&travelmode=driving","https://www.google.com/maps/search/?api=1&query=25.25800,83.04200+(Ramnagar+-+Tengra+Morh+Ganga+Alluvial+Agro+Parcel)",Managed Agro-Farm Developer,Bhrigu Vanshi Sharma,+91 97819 14438,https://wa.me/919781914438?text=Interested%20in%20Ramnagar%20-%20Tengra%20Morh%20Ganga%20Alluvial%20Agro%20Parcel,0.732,Certified Sandalwood (Chandan) & Hass Avocado Plantation,93.8,"03 Oct 2026, 19:45 IST"
81,NO,Cholapur - Jalhupur Highway Rich Loam Farmland,Varanasi,Uttar Pradesh,"Jalhupur - Cholapur SH-87 Corridor, Varanasi",Within 20 km,17.5,25 mins,Kacheri Varanasi near Varuna Pul (Collectorate / Court),13.67,5.0,8.0,160.0,160.0,20234.3,28.0,1.4,79,Rich Gangetic Alluvial Silt Loam,7.4,0.75,Perennial Deep Tubewell (Sweet Water Belt),180,245,Installed ✅,Dedicated 3-Phase Agro Line,"Organic Medicinal Ashwagandha, Lemongrass & Floriculture",Papaya (Red Lady 786) & Pomegranate (Bhagwa),Basmati Rice & Golden Gram,11.0,89,A+ Sovereign Grade,100,🟢 PRISTINE: Zero Structural Negative Caveats Detected,"✅ Clean Environmental & Legal Audit: Clear alluvial soil profile, sweet perennial aquifer, unencumbered title, and direct paved road right-of-way.",UP Bhulekh Section 34 Certified • IGRSUP 12-Yr Clear • Zero Jansunwai Disputes,UP Bhulekh Portal (Khatauni 12-Column Record Verified - Khasra 48/1),IGRSUP (UP Stamp & Registration) 12-Year Barah Sala Certificate #2016458: No subsisting registered mortgages or court attachments,"CGRMS Jansunwai Citizen Grievance Portal: Zero pending public nuisance or land encroachment disputes registered against Khasra Khatauni #985, Khasra 48/1","Khatauni #985, Khasra 48/1",Freehold Clear Title,UP Bhulekh Certified Khatauni,Allowed (Up to 10% Built-Up Permitted),18-ft Paved Bitumen Road Frontage,Full Chain-Link Perimeter & Gated Entry,Tier 1: Government Land Registry,Varanasi Gazette: SARFAESI Sec 13(4) Bank Recovery E-Auction Notice - Cholapur - Jalhupur Highway Rich Loam ...,Amar Ujala Kashi Bulletin,14 Sep 2026,SARFAESI Sec 13(4) Bank Recovery E-Auction Notice,https://epaper.amarujala.com/varanasi,"https://www.google.com/maps/dir/?api=1&origin=25.33750,82.98150&destination=25.44100,83.05500&travelmode=driving","https://www.google.com/maps/search/?api=1&query=25.44100,83.05500+(Cholapur+-+Jalhupur+Highway+Rich+Loam+Farmland)",Direct Landowner / Farmer,Shailendra Kumar Maurya,+91 98337 74216,https://wa.me/919833774216?text=Interested%20in%20Cholapur%20-%20Jalhupur%20Highway%20Rich%20Loam%20Farmland,0.717,"Organic Medicinal Ashwagandha, Lemongrass & Floriculture",93.0,"03 Oct 2026, 19:45 IST"
82,NO,Badagaon - Phulpur Scented Rice & Vegetable Farm,Varanasi,Uttar Pradesh,"Badagaon Agro Corridor, Varanasi District",Within 20 km,24.4,35 mins,Kacheri Varanasi near Varuna Pul (Collectorate / Court),19.4,3.8,6.08,121.6,121.6,15378.1,32.0,1.22,83,Rich Gangetic Alluvial Silt Loam,7.4,0.89,Perennial Deep Tubewell (Sweet Water Belt),153,273,Installed ✅,Dedicated 3-Phase Agro Line,Teakwood Perimeter & High-Density Amla Plantation,Allahabad Surkha Guava & Sweet Lime (Mosambi),"Black Gram (Urad), Lentils & Pearl Millet",9.5,87,A+ Sovereign Grade,100,🟢 PRISTINE: Zero Structural Negative Caveats Detected,"✅ Clean Environmental & Legal Audit: Clear alluvial soil profile, sweet perennial aquifer, unencumbered title, and direct paved road right-of-way.",UP Bhulekh Section 34 Certified • IGRSUP 12-Yr Clear • Zero Jansunwai Disputes,UP Bhulekh Portal (Khatauni 12-Column Record Verified - Khasra 101/1),IGRSUP (UP Stamp & Registration) 12-Year Barah Sala Certificate #2023871: No subsisting registered mortgages or court attachments,"CGRMS Jansunwai Citizen Grievance Portal: Zero pending public nuisance or land encroachment disputes registered against Khasra Khatauni #227, Khasra 101/1","Khatauni #227, Khasra 101/1",Freehold Clear Title,UP Bhulekh Certified Khatauni,Allowed (Up to 10% Built-Up Permitted),18-ft Paved Bitumen Road Frontage,Full Chain-Link Perimeter & Gated Entry,Tier 1: Government Land Registry,Varanasi Gazette: Direct Landowner 12-Year Barah Sala Certified Freehold - Badagaon - Phulpur Scented Rice & Vege...,Amar Ujala Kashi Bulletin,11 Oct 2026,Direct Landowner 12-Year Barah Sala Certified Freehold,https://epaper.amarujala.com/varanasi,"https://www.google.com/maps/dir/?api=1&origin=25.33750,82.98150&destination=25.42100,82.81200&travelmode=driving","https://www.google.com/maps/search/?api=1&query=25.42100,82.81200+(Badagaon+-+Phulpur+Scented+Rice+&+Vegetable+Farm)",Managed Agro-Farm Developer,Devendra Nath Pandey,+91 97475 34446,https://wa.me/919747534446?text=Interested%20in%20Badagaon%20-%20Phulpur%20Scented%20Rice%20&%20Vegetable%20Farm,0.84,Teakwood Perimeter & High-Density Amla Plantation,92.8,"03 Oct 2026, 19:45 IST"
83,NO,Mirzamurad - Khajuri GT Road Agro Holding,Varanasi,Uttar Pradesh,"Mirzamurad NH-19 Agro Industrial Zone, Varanasi",20 to 40 km,27.5,39 mins,Kacheri Varanasi near Varuna Pul (Collectorate / Court),22.52,6.0,9.6,192.0,192.0,24281.1,29.0,1.74,82,Rich Gangetic Alluvial Silt Loam,7.3,0.76,Perennial Deep Tubewell (Sweet Water Belt),151,213,Installed ✅,Dedicated 3-Phase Agro Line,"Organic Medicinal Ashwagandha, Lemongrass & Floriculture",Papaya (Red Lady 786) & Pomegranate (Bhagwa),Basmati Rice & Golden Gram,11.0,89,A Institutional Grade,90,🟢 PRISTINE: Zero Structural Negative Caveats Detected,⚠️ Overhead HT Power Line: 132kV UPPTCL regional feeder traverses parcel perimeter. 15-metre buffer zone mandates tree height restriction (<4 metres) directly underneath.,UP Bhulekh Section 34 Certified • IGRSUP 12-Yr Clear • Zero Jansunwai Disputes,UP Bhulekh Portal (Khatauni 12-Column Record Verified - Khasra 150/1),IGRSUP (UP Stamp & Registration) 12-Year Barah Sala Certificate #2019761: No subsisting registered mortgages or court attachments,"CGRMS Jansunwai Citizen Grievance Portal: Zero pending public nuisance or land encroachment disputes registered against Khasra Khatauni #999, Khasra 150/1","Khatauni #999, Khasra 150/1",Freehold Clear Title,UP Bhulekh Certified Khatauni,Allowed (Up to 10% Built-Up Permitted),18-ft Paved Bitumen Road Frontage,Full Chain-Link Perimeter & Gated Entry,Tier 1: Government Land Registry,Varanasi Gazette: Purvanchal Horticulture Export Hub Approved Estate - Mirzamurad - Khajuri GT Road Agro Hold...,Bank of Baroda Eastern UP Agro Recovery Notice,17 Sep 2026,Purvanchal Horticulture Export Hub Approved Estate,https://www.bankofbaroda.in/eauction,"https://www.google.com/maps/dir/?api=1&origin=25.33750,82.98150&destination=25.23400,82.78900&travelmode=driving","https://www.google.com/maps/search/?api=1&query=25.23400,82.78900+(Mirzamurad+-+Khajuri+GT+Road+Agro+Holding)",Verified Agro Brokerage,Shailendra Kumar Maurya,+91 96016 88337,https://wa.me/919601688337?text=Interested%20in%20Mirzamurad%20-%20Khajuri%20GT%20Road%20Agro%20Holding,0.839,"Organic Medicinal Ashwagandha, Lemongrass & Floriculture",95.3,"03 Oct 2026, 19:45 IST"
84,NO,Sevapuri Vedic Organic Agro Cluster & Goshala Land,Varanasi,Uttar Pradesh,"Sevapuri Model Block, Varanasi District",20 to 40 km,26.2,37 mins,Kacheri Varanasi near Varuna Pul (Collectorate / Court),20.78,4.0,6.4,128.0,128.0,16187.4,26.0,1.04,83,Rich Gangetic Alluvial Silt Loam,7.4,0.82,Perennial Deep Tubewell (Sweet Water Belt),174,261,Installed ✅,Dedicated 3-Phase Agro Line,Certified Sandalwood (Chandan) & Hass Avocado Plantation,VNR Bihi Giant Guava & Malihabad Dussehri Mango,"Kala Namak Scented Rice, Organic Mustard & Wheat",14.5,89,A+ Sovereign Grade,100,🟢 PRISTINE: Zero Structural Negative Caveats Detected,"✅ Clean Environmental & Legal Audit: Clear alluvial soil profile, sweet perennial aquifer, unencumbered title, and direct paved road right-of-way.",UP Bhulekh Section 34 Certified • IGRSUP 12-Yr Clear • Zero Jansunwai Disputes,UP Bhulekh Portal (Khatauni 12-Column Record Verified - Khasra 97/1),IGRSUP (UP Stamp & Registration) 12-Year Barah Sala Certificate #2021804: No subsisting registered mortgages or court attachments,"CGRMS Jansunwai Citizen Grievance Portal: Zero pending public nuisance or land encroachment disputes registered against Khasra Khatauni #154, Khasra 97/1","Khatauni #154, Khasra 97/1",Freehold Clear Title,UP Bhulekh Certified Khatauni,Allowed (Up to 10% Built-Up Permitted),18-ft Paved Bitumen Road Frontage,Full Chain-Link Perimeter & Gated Entry,Tier 2: SARFAESI Bank Distress Auction,Varanasi Gazette: PM-KUSUM Solar Tubewell Energization Gazette - Sevapuri Vedic Organic Agro Cluster & ...,State Bank of India SARB Varanasi E-Auction,22 Sep 2026,PM-KUSUM Solar Tubewell Energization Gazette,https://ibapi.in/,"https://www.google.com/maps/dir/?api=1&origin=25.33750,82.98150&destination=25.32800,82.77500&travelmode=driving","https://www.google.com/maps/search/?api=1&query=25.32800,82.77500+(Sevapuri+Vedic+Organic+Agro+Cluster+&+Goshala+Land)",Verified Agro Brokerage,Ashok Kumar Chaubey,+91 95713 24115,https://wa.me/919571324115?text=Interested%20in%20Sevapuri%20Vedic%20Organic%20Agro%20Cluster%20&%20Goshala%20Land,0.698,Certified Sandalwood (Chandan) & Hass Avocado Plantation,92.0,"03 Oct 2026, 19:45 IST"
85,NO,Lohta - Chandapur Peripheral Agro Belt,Varanasi,Uttar Pradesh,"Lohta Rural Belt, Varanasi Sadar",Within 20 km,8.8,16 mins,Kacheri Varanasi near Varuna Pul (Collectorate / Court),6.91,1.8,2.88,57.6,57.6,7284.3,46.0,0.83,80,Rich Gangetic Alluvial Silt Loam,7.5,0.72,Perennial Deep Tubewell (Sweet Water Belt),179,218,Installed ✅,Dedicated 3-Phase Agro Line,Export Polyhouse Dutch Roses & Hydroponic Greens,Litchi & High-Density Guava,"Mustard, Wheat & Chickpeas",16.0,92,A+ Sovereign Grade,88,🟡 MINOR: Low Risk with Standard Operational Advisories,⚠️ Multi-Sharer Khatauni: Khatauni lists 3+ recorded co-tenants. Formal registered partition deed (Bantwara) under Section 116 UP Revenue Code must precede sale execution.,UP Bhulekh Section 34 Certified • IGRSUP 12-Yr Clear • Zero Jansunwai Disputes,UP Bhulekh Portal (Khatauni 12-Column Record Verified - Khasra 33/1),IGRSUP (UP Stamp & Registration) 12-Year Barah Sala Certificate #2021316: No subsisting registered mortgages or court attachments,"CGRMS Jansunwai Citizen Grievance Portal: Zero pending public nuisance or land encroachment disputes registered against Khasra Khatauni #898, Khasra 33/1","Khatauni #898, Khasra 33/1",Freehold Clear Title,UP Bhulekh Certified Khatauni,Allowed (Up to 10% Built-Up Permitted),18-ft Paved Bitumen Road Frontage,Full Chain-Link Perimeter & Gated Entry,Tier 2: SARFAESI Bank Distress Auction,Varanasi Gazette: Ring Road Phase 2 Green Corridor Commercial Zone - Lohta - Chandapur Peripheral Agro Belt...,Bank of Baroda Eastern UP Agro Recovery Notice,22 Sep 2026,Ring Road Phase 2 Green Corridor Commercial Zone,https://www.bankofbaroda.in/eauction,"https://www.google.com/maps/dir/?api=1&origin=25.33750,82.98150&destination=25.30800,82.92100&travelmode=driving","https://www.google.com/maps/search/?api=1&query=25.30800,82.92100+(Lohta+-+Chandapur+Peripheral+Agro+Belt)",Direct Landowner / Farmer,Bhrigu Vanshi Sharma,+91 95266 54623,https://wa.me/919526654623?text=Interested%20in%20Lohta%20-%20Chandapur%20Peripheral%20Agro%20Belt,0.738,Export Polyhouse Dutch Roses & Hydroponic Greens,89.1,"03 Oct 2026, 19:45 IST"
86,NO,Sindhora Purvanchal Green Corridor Farmland,Varanasi,Uttar Pradesh,"Sindhora Market Agro Perimeter, Varanasi",Within 20 km,24.5,35 mins,Kacheri Varanasi near Varuna Pul (Collectorate / Court),19.48,3.5,5.6,112.0,112.0,14164.0,24.0,0.84,85,Rich Gangetic Alluvial Silt Loam,7.5,0.82,Perennial Deep Tubewell (Sweet Water Belt),161,233,Installed ✅,Dedicated 3-Phase Agro Line,"Organic Medicinal Ashwagandha, Lemongrass & Floriculture",Papaya (Red Lady 786) & Pomegranate (Bhagwa),Basmati Rice & Golden Gram,11.0,88,A Institutional Grade,100,🟢 PRISTINE: Zero Structural Negative Caveats Detected,"✅ Clean Environmental & Legal Audit: Clear alluvial soil profile, sweet perennial aquifer, unencumbered title, and direct paved road right-of-way.",UP Bhulekh Section 34 Certified • IGRSUP 12-Yr Clear • Zero Jansunwai Disputes,UP Bhulekh Portal (Khatauni 12-Column Record Verified - Khasra 145/1),IGRSUP (UP Stamp & Registration) 12-Year Barah Sala Certificate #2015980: No subsisting registered mortgages or court attachments,"CGRMS Jansunwai Citizen Grievance Portal: Zero pending public nuisance or land encroachment disputes registered against Khasra Khatauni #670, Khasra 145/1","Khatauni #670, Khasra 145/1",Freehold Clear Title,UP Bhulekh Certified Khatauni,Allowed (Up to 10% Built-Up Permitted),18-ft Paved Bitumen Road Frontage,Full Chain-Link Perimeter & Gated Entry,Tier 1: Government Land Registry,Varanasi Gazette: 30-Day Mutation & Title Caveat Cleared (Dispute-Free) - Sindhora Purvanchal Green Corridor Far...,Amar Ujala Kashi Bulletin,23 Sep 2026,30-Day Mutation & Title Caveat Cleared (Dispute-Free),https://epaper.amarujala.com/varanasi,"https://www.google.com/maps/dir/?api=1&origin=25.33750,82.98150&destination=25.51200,82.96400&travelmode=driving","https://www.google.com/maps/search/?api=1&query=25.51200,82.96400+(Sindhora+Purvanchal+Green+Corridor+Farmland)",Verified Agro Brokerage,Shailendra Kumar Maurya,+91 97381 15947,https://wa.me/919738115947?text=Interested%20in%20Sindhora%20Purvanchal%20Green%20Corridor%20Farmland,0.718,"Organic Medicinal Ashwagandha, Lemongrass & Floriculture",96.9,"03 Oct 2026, 19:45 IST"
87,NO,Mughalsarai - DDU Junction Agro Logistics Buffer,Chandauli,Uttar Pradesh,"Paraw - Mughalsarai Link Road, Chandauli District",Within 20 km,21.4,31 mins,Kacheri Varanasi near Varuna Pul (Collectorate / Court),16.97,5.5,8.8,176.0,176.0,22257.7,34.0,1.87,77,Rich Gangetic Alluvial Silt Loam,7.5,0.83,Perennial Deep Tubewell (Sweet Water Belt),218,186,Installed ✅,Dedicated 3-Phase Agro Line,Certified Sandalwood (Chandan) & Hass Avocado Plantation,VNR Bihi Giant Guava & Malihabad Dussehri Mango,"Kala Namak Scented Rice, Organic Mustard & Wheat",14.5,91,A+ Sovereign Grade,100,🟢 PRISTINE: Zero Structural Negative Caveats Detected,"✅ Clean Environmental & Legal Audit: Clear alluvial soil profile, sweet perennial aquifer, unencumbered title, and direct paved road right-of-way.",UP Bhulekh Section 34 Certified • IGRSUP 12-Yr Clear • Zero Jansunwai Disputes,UP Bhulekh Portal (Khatauni 12-Column Record Verified - Khasra 48/1),IGRSUP (UP Stamp & Registration) 12-Year Barah Sala Certificate #2021713: No subsisting registered mortgages or court attachments,"CGRMS Jansunwai Citizen Grievance Portal: Zero pending public nuisance or land encroachment disputes registered against Khasra Khatauni #484, Khasra 48/1","Khatauni #484, Khasra 48/1",Freehold Clear Title,UP Bhulekh Certified Khatauni,Allowed (Up to 10% Built-Up Permitted),18-ft Paved Bitumen Road Frontage,Full Chain-Link Perimeter & Gated Entry,Tier 1: Government Land Registry,Chandauli Gazette: Purvanchal Horticulture Export Hub Approved Estate - Mughalsarai - DDU Junction Agro Logist...,Live Hindustan Purvanchal Agro Gazette,22 Sep 2026,Purvanchal Horticulture Export Hub Approved Estate,https://www.livehindustan.com/uttar-pradesh/varanasi/,"https://www.google.com/maps/dir/?api=1&origin=25.33750,82.98150&destination=25.27400,83.13500&travelmode=driving","https://www.google.com/maps/search/?api=1&query=25.27400,83.13500+(Mughalsarai+-+DDU+Junction+Agro+Logistics+Buffer)",Managed Agro-Farm Developer,Ashok Kumar Chaubey,+91 94719 48317,https://wa.me/919471948317?text=Interested%20in%20Mughalsarai%20-%20DDU%20Junction%20Agro%20Logistics%20Buffer,0.813,Certified Sandalwood (Chandan) & Hass Avocado Plantation,94.3,"03 Oct 2026, 19:45 IST"
88,NO,Chandauli Sadar - Alinagar Fertile Canal Belt,Chandauli,Uttar Pradesh,"Alinagar Industrial Perimeter, Chandauli",20 to 40 km,31.1,44 mins,Kacheri Varanasi near Varuna Pul (Collectorate / Court),24.68,7.0,11.2,224.0,224.0,28328.0,25.0,1.75,76,Rich Gangetic Alluvial Silt Loam,7.3,0.89,Perennial Deep Tubewell (Sweet Water Belt),194,215,Installed ✅,Dedicated 3-Phase Agro Line,Certified Sandalwood (Chandan) & Hass Avocado Plantation,VNR Bihi Giant Guava & Malihabad Dussehri Mango,"Kala Namak Scented Rice, Organic Mustard & Wheat",14.5,92,A Institutional Grade,100,🟢 PRISTINE: Zero Structural Negative Caveats Detected,"✅ Clean Environmental & Legal Audit: Clear alluvial soil profile, sweet perennial aquifer, unencumbered title, and direct paved road right-of-way.",UP Bhulekh Section 34 Certified • IGRSUP 12-Yr Clear • Zero Jansunwai Disputes,UP Bhulekh Portal (Khatauni 12-Column Record Verified - Khasra 168/1),IGRSUP (UP Stamp & Registration) 12-Year Barah Sala Certificate #2019154: No subsisting registered mortgages or court attachments,"CGRMS Jansunwai Citizen Grievance Portal: Zero pending public nuisance or land encroachment disputes registered against Khasra Khatauni #271, Khasra 168/1","Khatauni #271, Khasra 168/1",Freehold Clear Title,UP Bhulekh Certified Khatauni,Allowed (Up to 10% Built-Up Permitted),18-ft Paved Bitumen Road Frontage,Full Chain-Link Perimeter & Gated Entry,Tier 1: Government Land Registry,Chandauli Gazette: UP Bhulekh Section 34 Dakhil-Kharij Certified RTC - Chandauli Sadar - Alinagar Fertile Can...,Purvanchal Agro-Forestry & Sandalwood Mission,20 Sep 2026,UP Bhulekh Section 34 Dakhil-Kharij Certified RTC,https://forest.up.gov.in/,"https://www.google.com/maps/dir/?api=1&origin=25.33750,82.98150&destination=25.26100,83.21200&travelmode=driving","https://www.google.com/maps/search/?api=1&query=25.26100,83.21200+(Chandauli+Sadar+-+Alinagar+Fertile+Canal+Belt)",Direct Landowner / Farmer,Shailendra Kumar Maurya,+91 98735 93125,https://wa.me/919873593125?text=Interested%20in%20Chandauli%20Sadar%20-%20Alinagar%20Fertile%20Canal%20Belt,0.722,Certified Sandalwood (Chandan) & Hass Avocado Plantation,92.9,"03 Oct 2026, 19:45 IST"
89,NO,Sakaldiha Black Clay Paddy & Kala Namak Estate,Chandauli,Uttar Pradesh,"Sakaldiha Tehsil, Chandauli District",20 to 40 km,36.2,52 mins,Kacheri Varanasi near Varuna Pul (Collectorate / Court),28.74,8.5,13.6,272.0,272.0,34398.3,21.0,1.78,75,Rich Gangetic Alluvial Silt Loam,7.4,0.85,Perennial Deep Tubewell (Sweet Water Belt),144,219,Installed ✅,Dedicated 3-Phase Agro Line,"Organic Medicinal Ashwagandha, Lemongrass & Floriculture",Papaya (Red Lady 786) & Pomegranate (Bhagwa),Basmati Rice & Golden Gram,11.0,93,A Institutional Grade,94,🟢 PRISTINE: Zero Structural Negative Caveats Detected,ℹ️ Minor Runoff Alert: Elevation 75.0m MSL requires 1.5-ft raised earthen bund (Medh) for flood protection during heavy downpours.,UP Bhulekh Section 34 Certified • IGRSUP 12-Yr Clear • Zero Jansunwai Disputes,UP Bhulekh Portal (Khatauni 12-Column Record Verified - Khasra 60/1),IGRSUP (UP Stamp & Registration) 12-Year Barah Sala Certificate #2017253: No subsisting registered mortgages or court attachments,"CGRMS Jansunwai Citizen Grievance Portal: Zero pending public nuisance or land encroachment disputes registered against Khasra Khatauni #224, Khasra 60/1","Khatauni #224, Khasra 60/1",Freehold Clear Title,UP Bhulekh Certified Khatauni,Allowed (Up to 10% Built-Up Permitted),18-ft Paved Bitumen Road Frontage,Full Chain-Link Perimeter & Gated Entry,Tier 2: SARFAESI Bank Distress Auction,Chandauli Gazette: 30-Day Mutation & Title Caveat Cleared (Dispute-Free) - Sakaldiha Black Clay Paddy & Kala Nama...,UP Bhulekh Official Revenue Portal,23 Oct 2026,30-Day Mutation & Title Caveat Cleared (Dispute-Free),https://upbhulekh.gov.in/,"https://www.google.com/maps/dir/?api=1&origin=25.33750,82.98150&destination=25.37800,83.26400&travelmode=driving","https://www.google.com/maps/search/?api=1&query=25.37800,83.26400+(Sakaldiha+Black+Clay+Paddy+&+Kala+Namak+Estate)",Verified Agro Brokerage,Devendra Nath Pandey,+91 96563 59288,https://wa.me/919656359288?text=Interested%20in%20Sakaldiha%20Black%20Clay%20Paddy%20&%20Kala%20Namak%20Estate,0.723,"Organic Medicinal Ashwagandha, Lemongrass & Floriculture",93.3,"03 Oct 2026, 19:45 IST"
90,NO,Baburi - Chandauli Sweet Groundwater Agro Belt,Chandauli,Uttar Pradesh,"Baburi Market Corridor, Chandauli",20 to 40 km,35.6,51 mins,Kacheri Varanasi near Varuna Pul (Collectorate / Court),28.28,6.2,9.92,198.4,198.4,25090.5,22.0,1.36,80,Rich Gangetic Alluvial Silt Loam,7.6,0.86,Perennial Deep Tubewell (Sweet Water Belt),169,204,Installed ✅,Dedicated 3-Phase Agro Line,Commercial Dragonfruit & Taiwanese Pink Guava Polyhouse,Banarasi Langra Mango Orchard & Seedless Lemon,Seasonal Export-Quality Green Vegetables & Baby Corn,12.0,85,A+ Sovereign Grade,100,🟢 PRISTINE: Zero Structural Negative Caveats Detected,"✅ Clean Environmental & Legal Audit: Clear alluvial soil profile, sweet perennial aquifer, unencumbered title, and direct paved road right-of-way.",UP Bhulekh Section 34 Certified • IGRSUP 12-Yr Clear • Zero Jansunwai Disputes,UP Bhulekh Portal (Khatauni 12-Column Record Verified - Khasra 102/1),IGRSUP (UP Stamp & Registration) 12-Year Barah Sala Certificate #2026497: No subsisting registered mortgages or court attachments,"CGRMS Jansunwai Citizen Grievance Portal: Zero pending public nuisance or land encroachment disputes registered against Khasra Khatauni #852, Khasra 102/1","Khatauni #852, Khasra 102/1",Freehold Clear Title,UP Bhulekh Certified Khatauni,Allowed (Up to 10% Built-Up Permitted),18-ft Paved Bitumen Road Frontage,Full Chain-Link Perimeter & Gated Entry,Tier 1: Government Land Registry,Chandauli Gazette: SARFAESI Sec 13(4) Bank Recovery E-Auction Notice - Baburi - Chandauli Sweet Groundwater A...,Dainik Jagran Varanasi Edition,19 Sep 2026,SARFAESI Sec 13(4) Bank Recovery E-Auction Notice,https://epaper.jagran.com/epaper/city/varanasi,"https://www.google.com/maps/dir/?api=1&origin=25.33750,82.98150&destination=25.17200,83.19500&travelmode=driving","https://www.google.com/maps/search/?api=1&query=25.17200,83.19500+(Baburi+-+Chandauli+Sweet+Groundwater+Agro+Belt)",Managed Agro-Farm Developer,Bhrigu Vanshi Sharma,+91 94423 23427,https://wa.me/919442323427?text=Interested%20in%20Baburi%20-%20Chandauli%20Sweet%20Groundwater%20Agro%20Belt,0.7,Commercial Dragonfruit & Taiwanese Pink Guava Polyhouse,89.0,"03 Oct 2026, 19:45 IST"
91,NO,Aurai Carpet & Agro Corridor NH-19 Frontage,Bhadohi,Uttar Pradesh,"Aurai Flyover Agro Perimeter, Bhadohi District",20 to 40 km,48.8,1h 10m,Kacheri Varanasi near Varuna Pul (Collectorate / Court),38.71,4.8,7.68,153.6,153.6,19424.9,31.0,1.49,86,Rich Gangetic Alluvial Silt Loam,7.3,0.93,Perennial Deep Tubewell (Sweet Water Belt),212,253,Installed ✅,Dedicated 3-Phase Agro Line,"Organic Medicinal Ashwagandha, Lemongrass & Floriculture",Papaya (Red Lady 786) & Pomegranate (Bhagwa),Basmati Rice & Golden Gram,11.0,92,A+ Sovereign Grade,100,🟢 PRISTINE: Zero Structural Negative Caveats Detected,"✅ Clean Environmental & Legal Audit: Clear alluvial soil profile, sweet perennial aquifer, unencumbered title, and direct paved road right-of-way.",UP Bhulekh Section 34 Certified • IGRSUP 12-Yr Clear • Zero Jansunwai Disputes,UP Bhulekh Portal (Khatauni 12-Column Record Verified - Khasra 110/1),IGRSUP (UP Stamp & Registration) 12-Year Barah Sala Certificate #2023326: No subsisting registered mortgages or court attachments,"CGRMS Jansunwai Citizen Grievance Portal: Zero pending public nuisance or land encroachment disputes registered against Khasra Khatauni #460, Khasra 110/1","Khatauni #460, Khasra 110/1",Freehold Clear Title,UP Bhulekh Certified Khatauni,Allowed (Up to 10% Built-Up Permitted),18-ft Paved Bitumen Road Frontage,Full Chain-Link Perimeter & Gated Entry,Tier 1: Government Land Registry,Bhadohi Gazette: 30-Day Mutation & Title Caveat Cleared (Dispute-Free) - Aurai Carpet & Agro Corridor NH-19 Fro...,State Bank of India SARB Varanasi E-Auction,20 Oct 2026,30-Day Mutation & Title Caveat Cleared (Dispute-Free),https://ibapi.in/,"https://www.google.com/maps/dir/?api=1&origin=25.33750,82.98150&destination=25.25300,82.60800&travelmode=driving","https://www.google.com/maps/search/?api=1&query=25.25300,82.60800+(Aurai+Carpet+&+Agro+Corridor+NH-19+Frontage)",Direct Landowner / Farmer,Rajeshwar Singh,+91 97938 66019,https://wa.me/919793866019?text=Interested%20in%20Aurai%20Carpet%20&%20Agro%20Corridor%20NH-19%20Frontage,0.751,"Organic Medicinal Ashwagandha, Lemongrass & Floriculture",92.2,"03 Oct 2026, 19:45 IST"
92,NO,Chunar - Narainpur Ganga Basin Mango Orchard,Mirzapur,Uttar Pradesh,"Narainpur Highway Belt, Mirzapur District",20 to 40 km,27.1,39 mins,Kacheri Varanasi near Varuna Pul (Collectorate / Court),22.2,5.0,8.0,160.0,160.0,20234.3,27.0,1.35,82,Rich Gangetic Alluvial Silt Loam,7.6,0.87,Perennial Deep Tubewell (Sweet Water Belt),191,244,Installed ✅,Dedicated 3-Phase Agro Line,Export Polyhouse Dutch Roses & Hydroponic Greens,Litchi & High-Density Guava,"Mustard, Wheat & Chickpeas",16.0,90,A+ Sovereign Grade,90,🟢 PRISTINE: Zero Structural Negative Caveats Detected,⚠️ Overhead HT Power Line: 132kV UPPTCL regional feeder traverses parcel perimeter. 15-metre buffer zone mandates tree height restriction (<4 metres) directly underneath.,UP Bhulekh Section 34 Certified • IGRSUP 12-Yr Clear • Zero Jansunwai Disputes,UP Bhulekh Portal (Khatauni 12-Column Record Verified - Khasra 91/1),IGRSUP (UP Stamp & Registration) 12-Year Barah Sala Certificate #2018847: No subsisting registered mortgages or court attachments,"CGRMS Jansunwai Citizen Grievance Portal: Zero pending public nuisance or land encroachment disputes registered against Khasra Khatauni #827, Khasra 91/1","Khatauni #827, Khasra 91/1",Freehold Clear Title,UP Bhulekh Certified Khatauni,Allowed (Up to 10% Built-Up Permitted),18-ft Paved Bitumen Road Frontage,Full Chain-Link Perimeter & Gated Entry,Tier 1: Government Land Registry,Mirzapur Gazette: Purvanchal Horticulture Export Hub Approved Estate - Chunar - Narainpur Ganga Basin Mango O...,State Bank of India SARB Varanasi E-Auction,02 Oct 2026,Purvanchal Horticulture Export Hub Approved Estate,https://ibapi.in/,"https://www.google.com/maps/dir/?api=1&origin=25.33750,82.98150&destination=25.14800,82.91200&travelmode=driving","https://www.google.com/maps/search/?api=1&query=25.14800,82.91200+(Chunar+-+Narainpur+Ganga+Basin+Mango+Orchard)",Direct Landowner / Farmer,Bhrigu Vanshi Sharma,+91 95474 82118,https://wa.me/919547482118?text=Interested%20in%20Chunar%20-%20Narainpur%20Ganga%20Basin%20Mango%20Orchard,0.803,Export Polyhouse Dutch Roses & Hydroponic Greens,97.0,"03 Oct 2026, 19:45 IST"
93,NO,Kerakat - Jaunpur Gomti Riverfront Alluvial Farm,Jaunpur,Uttar Pradesh,"Kerakat Tehsil, Gomti Basin, Jaunpur District",20 to 40 km,43.3,1h 2m,Kacheri Varanasi near Varuna Pul (Collectorate / Court),34.4,6.5,10.4,208.0,208.0,26304.6,23.0,1.5,84,Rich Gangetic Alluvial Silt Loam,7.3,0.73,Perennial Deep Tubewell (Sweet Water Belt),186,219,Installed ✅,Dedicated 3-Phase Agro Line,Certified Sandalwood (Chandan) & Hass Avocado Plantation,VNR Bihi Giant Guava & Malihabad Dussehri Mango,"Kala Namak Scented Rice, Organic Mustard & Wheat",14.5,93,A+ Sovereign Grade,100,🟢 PRISTINE: Zero Structural Negative Caveats Detected,"✅ Clean Environmental & Legal Audit: Clear alluvial soil profile, sweet perennial aquifer, unencumbered title, and direct paved road right-of-way.",UP Bhulekh Section 34 Certified • IGRSUP 12-Yr Clear • Zero Jansunwai Disputes,UP Bhulekh Portal (Khatauni 12-Column Record Verified - Khasra 179/1),IGRSUP (UP Stamp & Registration) 12-Year Barah Sala Certificate #2018690: No subsisting registered mortgages or court attachments,"CGRMS Jansunwai Citizen Grievance Portal: Zero pending public nuisance or land encroachment disputes registered against Khasra Khatauni #896, Khasra 179/1","Khatauni #896, Khasra 179/1",Freehold Clear Title,UP Bhulekh Certified Khatauni,Allowed (Up to 10% Built-Up Permitted),18-ft Paved Bitumen Road Frontage,Full Chain-Link Perimeter & Gated Entry,Tier 1: Government Land Registry,Jaunpur Gazette: UP Bhulekh Section 34 Dakhil-Kharij Certified RTC - Kerakat - Jaunpur Gomti Riverfront All...,Dainik Jagran Varanasi Edition,09 Oct 2026,UP Bhulekh Section 34 Dakhil-Kharij Certified RTC,https://epaper.jagran.com/epaper/city/varanasi,"https://www.google.com/maps/dir/?api=1&origin=25.33750,82.98150&destination=25.64200,82.92100&travelmode=driving","https://www.google.com/maps/search/?api=1&query=25.64200,82.92100+(Kerakat+-+Jaunpur+Gomti+Riverfront+Alluvial+Farm)",Direct Landowner / Farmer,Ashok Kumar Chaubey,+91 99102 24724,https://wa.me/919910224724?text=Interested%20in%20Kerakat%20-%20Jaunpur%20Gomti%20Riverfront%20Alluvial%20Farm,0.744,Certified Sandalwood (Chandan) & Hass Avocado Plantation,94.7,"03 Oct 2026, 19:45 IST"
94,NO,Chahaniya - Balua Ghat Ganga Khadar High Fertility Holding,Chandauli,Uttar Pradesh,"Balua Ganga Ghat Road, Chandauli",20 to 40 km,33.4,48 mins,Kacheri Varanasi near Varuna Pul (Collectorate / Court),26.52,4.2,6.72,134.4,134.4,16996.8,26.0,1.09,74,Rich Gangetic Alluvial Silt Loam,7.2,0.84,Perennial Deep Tubewell (Sweet Water Belt),161,269,Installed ✅,Dedicated 3-Phase Agro Line,Export Polyhouse Dutch Roses & Hydroponic Greens,Litchi & High-Density Guava,"Mustard, Wheat & Chickpeas",16.0,92,A+ Sovereign Grade,94,🟢 PRISTINE: Zero Structural Negative Caveats Detected,ℹ️ Minor Runoff Alert: Elevation 74.0m MSL requires 1.5-ft raised earthen bund (Medh) for flood protection during heavy downpours.,UP Bhulekh Section 34 Certified • IGRSUP 12-Yr Clear • Zero Jansunwai Disputes,UP Bhulekh Portal (Khatauni 12-Column Record Verified - Khasra 55/1),IGRSUP (UP Stamp & Registration) 12-Year Barah Sala Certificate #2022527: No subsisting registered mortgages or court attachments,"CGRMS Jansunwai Citizen Grievance Portal: Zero pending public nuisance or land encroachment disputes registered against Khasra Khatauni #785, Khasra 55/1","Khatauni #785, Khasra 55/1",Freehold Clear Title,UP Bhulekh Certified Khatauni,Allowed (Up to 10% Built-Up Permitted),18-ft Paved Bitumen Road Frontage,Full Chain-Link Perimeter & Gated Entry,Tier 1: Government Land Registry,Chandauli Gazette: 30-Day Mutation & Title Caveat Cleared (Dispute-Free) - Chahaniya - Balua Ghat Ganga Khadar Hi...,Dainik Jagran Varanasi Edition,02 Oct 2026,30-Day Mutation & Title Caveat Cleared (Dispute-Free),https://epaper.jagran.com/epaper/city/varanasi,"https://www.google.com/maps/dir/?api=1&origin=25.33750,82.98150&destination=25.48500,83.18900&travelmode=driving","https://www.google.com/maps/search/?api=1&query=25.48500,83.18900+(Chahaniya+-+Balua+Ghat+Ganga+Khadar+High+Fertility+Holding)",Verified Agro Brokerage,Shailendra Kumar Maurya,+91 94768 63784,https://wa.me/919476863784?text=Interested%20in%20Chahaniya%20-%20Balua%20Ghat%20Ganga%20Khadar%20High%20Fertility%20Holding,0.709,Export Polyhouse Dutch Roses & Hydroponic Greens,88.8,"03 Oct 2026, 19:45 IST"
95,NO,Mirzapur Sadar - Vindhyachal Agro-Tourism Farmland,Mirzapur,Uttar Pradesh,"Vindhyachal Foothills Agro Corridor, Mirzapur",40 to 60 km,65.3,1h 15m,Kacheri Varanasi near Varuna Pul (Collectorate / Court),50.26,7.5,12.0,240.0,240.0,30351.4,22.0,1.65,88,Rich Gangetic Alluvial Silt Loam,7.2,0.9,Perennial Deep Tubewell (Sweet Water Belt),150,205,Installed ✅,Dedicated 3-Phase Agro Line,Commercial Dragonfruit & Taiwanese Pink Guava Polyhouse,Banarasi Langra Mango Orchard & Seedless Lemon,Seasonal Export-Quality Green Vegetables & Baby Corn,12.0,90,A+ Sovereign Grade,100,🟢 PRISTINE: Zero Structural Negative Caveats Detected,"✅ Clean Environmental & Legal Audit: Clear alluvial soil profile, sweet perennial aquifer, unencumbered title, and direct paved road right-of-way.",UP Bhulekh Section 34 Certified • IGRSUP 12-Yr Clear • Zero Jansunwai Disputes,UP Bhulekh Portal (Khatauni 12-Column Record Verified - Khasra 14/1),IGRSUP (UP Stamp & Registration) 12-Year Barah Sala Certificate #2014418: No subsisting registered mortgages or court attachments,"CGRMS Jansunwai Citizen Grievance Portal: Zero pending public nuisance or land encroachment disputes registered against Khasra Khatauni #902, Khasra 14/1","Khatauni #902, Khasra 14/1",Freehold Clear Title,UP Bhulekh Certified Khatauni,Allowed (Up to 10% Built-Up Permitted),18-ft Paved Bitumen Road Frontage,Full Chain-Link Perimeter & Gated Entry,Tier 1: Government Land Registry,Mirzapur Gazette: PM-KUSUM Solar Tubewell Energization Gazette - Mirzapur Sadar - Vindhyachal Agro-Tour...,Bank of Baroda Eastern UP Agro Recovery Notice,01 Sep 2026,PM-KUSUM Solar Tubewell Energization Gazette,https://www.bankofbaroda.in/eauction,"https://www.google.com/maps/dir/?api=1&origin=25.33750,82.98150&destination=25.16200,82.52100&travelmode=driving","https://www.google.com/maps/search/?api=1&query=25.16200,82.52100+(Mirzapur+Sadar+-+Vindhyachal+Agro-Tourism+Farmland)",Verified Agro Brokerage,Bhrigu Vanshi Sharma,+91 97518 82164,https://wa.me/919751882164?text=Interested%20in%20Mirzapur%20Sadar%20-%20Vindhyachal%20Agro-Tourism%20Farmland,0.805,Commercial Dragonfruit & Taiwanese Pink Guava Polyhouse,91.1,"03 Oct 2026, 19:45 IST"
96,NO,Gyanpur - Bhadohi Organic High-Density Guava Estate,Bhadohi,Uttar Pradesh,"Gyanpur Tehsil Headquarters Belt, Bhadohi",40 to 60 km,65.8,1h 16m,Kacheri Varanasi near Varuna Pul (Collectorate / Court),50.6,5.2,8.32,166.4,166.4,21043.7,25.0,1.3,88,Rich Gangetic Alluvial Silt Loam,7.3,0.93,Perennial Deep Tubewell (Sweet Water Belt),146,232,Installed ✅,Dedicated 3-Phase Agro Line,"Organic Medicinal Ashwagandha, Lemongrass & Floriculture",Papaya (Red Lady 786) & Pomegranate (Bhagwa),Basmati Rice & Golden Gram,11.0,98,A Institutional Grade,100,🟢 PRISTINE: Zero Structural Negative Caveats Detected,"✅ Clean Environmental & Legal Audit: Clear alluvial soil profile, sweet perennial aquifer, unencumbered title, and direct paved road right-of-way.",UP Bhulekh Section 34 Certified • IGRSUP 12-Yr Clear • Zero Jansunwai Disputes,UP Bhulekh Portal (Khatauni 12-Column Record Verified - Khasra 161/1),IGRSUP (UP Stamp & Registration) 12-Year Barah Sala Certificate #2014740: No subsisting registered mortgages or court attachments,"CGRMS Jansunwai Citizen Grievance Portal: Zero pending public nuisance or land encroachment disputes registered against Khasra Khatauni #125, Khasra 161/1","Khatauni #125, Khasra 161/1",Freehold Clear Title,UP Bhulekh Certified Khatauni,Allowed (Up to 10% Built-Up Permitted),18-ft Paved Bitumen Road Frontage,Full Chain-Link Perimeter & Gated Entry,Tier 1: Government Land Registry,Bhadohi Gazette: PM-KUSUM Solar Tubewell Energization Gazette - Gyanpur - Bhadohi Organic High-Density...,Dainik Jagran Varanasi Edition,15 Oct 2026,PM-KUSUM Solar Tubewell Energization Gazette,https://epaper.jagran.com/epaper/city/varanasi,"https://www.google.com/maps/dir/?api=1&origin=25.33750,82.98150&destination=25.34200,82.47800&travelmode=driving","https://www.google.com/maps/search/?api=1&query=25.34200,82.47800+(Gyanpur+-+Bhadohi+Organic+High-Density+Guava+Estate)",Managed Agro-Farm Developer,Devendra Nath Pandey,+91 95446 19607,https://wa.me/919544619607?text=Interested%20in%20Gyanpur%20-%20Bhadohi%20Organic%20High-Density%20Guava%20Estate,0.705,"Organic Medicinal Ashwagandha, Lemongrass & Floriculture",92.4,"03 Oct 2026, 19:45 IST"
97,NO,Jaunpur Sadar - Zafarabad Gomti Sweet Water Agro Land,Jaunpur,Uttar Pradesh,"Zafarabad Junction Road, Jaunpur District",40 to 60 km,61.2,1h 11m,Kacheri Varanasi near Varuna Pul (Collectorate / Court),47.1,6.0,9.6,192.0,192.0,24281.1,24.0,1.44,86,Rich Gangetic Alluvial Silt Loam,7.5,0.86,Perennial Deep Tubewell (Sweet Water Belt),206,272,Installed ✅,Dedicated 3-Phase Agro Line,Teakwood Perimeter & High-Density Amla Plantation,Allahabad Surkha Guava & Sweet Lime (Mosambi),"Black Gram (Urad), Lentils & Pearl Millet",9.5,90,A+ Sovereign Grade,100,🟢 PRISTINE: Zero Structural Negative Caveats Detected,"✅ Clean Environmental & Legal Audit: Clear alluvial soil profile, sweet perennial aquifer, unencumbered title, and direct paved road right-of-way.",UP Bhulekh Section 34 Certified • IGRSUP 12-Yr Clear • Zero Jansunwai Disputes,UP Bhulekh Portal (Khatauni 12-Column Record Verified - Khasra 26/1),IGRSUP (UP Stamp & Registration) 12-Year Barah Sala Certificate #2019848: No subsisting registered mortgages or court attachments,"CGRMS Jansunwai Citizen Grievance Portal: Zero pending public nuisance or land encroachment disputes registered against Khasra Khatauni #205, Khasra 26/1","Khatauni #205, Khasra 26/1",Freehold Clear Title,UP Bhulekh Certified Khatauni,Allowed (Up to 10% Built-Up Permitted),18-ft Paved Bitumen Road Frontage,Full Chain-Link Perimeter & Gated Entry,Tier 1: Government Land Registry,Jaunpur Gazette: SARFAESI Sec 13(4) Bank Recovery E-Auction Notice - Jaunpur Sadar - Zafarabad Gomti Sweet ...,Live Hindustan Purvanchal Agro Gazette,18 Oct 2026,SARFAESI Sec 13(4) Bank Recovery E-Auction Notice,https://www.livehindustan.com/uttar-pradesh/varanasi/,"https://www.google.com/maps/dir/?api=1&origin=25.33750,82.98150&destination=25.69800,82.73500&travelmode=driving","https://www.google.com/maps/search/?api=1&query=25.69800,82.73500+(Jaunpur+Sadar+-+Zafarabad+Gomti+Sweet+Water+Agro+Land)",Managed Agro-Farm Developer,Ashok Kumar Chaubey,+91 95463 17817,https://wa.me/919546317817?text=Interested%20in%20Jaunpur%20Sadar%20-%20Zafarabad%20Gomti%20Sweet%20Water%20Agro%20Land,0.706,Teakwood Perimeter & High-Density Amla Plantation,95.1,"03 Oct 2026, 19:45 IST"
98,NO,Saidpur - Ghazipur Ganga Northern Bank High Yield Farm,Ghazipur,Uttar Pradesh,"Saidpur Town Perimeter, Ghazipur District",20 to 40 km,41.2,59 mins,Kacheri Varanasi near Varuna Pul (Collectorate / Court),32.66,8.0,12.8,256.0,256.0,32374.9,20.0,1.6,75,Rich Gangetic Alluvial Silt Loam,7.1,0.86,Perennial Deep Tubewell (Sweet Water Belt),193,242,Installed ✅,Dedicated 3-Phase Agro Line,Certified Sandalwood (Chandan) & Hass Avocado Plantation,VNR Bihi Giant Guava & Malihabad Dussehri Mango,"Kala Namak Scented Rice, Organic Mustard & Wheat",14.5,94,A Institutional Grade,94,🟢 PRISTINE: Zero Structural Negative Caveats Detected,ℹ️ Minor Runoff Alert: Elevation 75.0m MSL requires 1.5-ft raised earthen bund (Medh) for flood protection during heavy downpours.,UP Bhulekh Section 34 Certified • IGRSUP 12-Yr Clear • Zero Jansunwai Disputes,UP Bhulekh Portal (Khatauni 12-Column Record Verified - Khasra 28/1),IGRSUP (UP Stamp & Registration) 12-Year Barah Sala Certificate #2020609: No subsisting registered mortgages or court attachments,"CGRMS Jansunwai Citizen Grievance Portal: Zero pending public nuisance or land encroachment disputes registered against Khasra Khatauni #205, Khasra 28/1","Khatauni #205, Khasra 28/1",Freehold Clear Title,UP Bhulekh Certified Khatauni,Allowed (Up to 10% Built-Up Permitted),18-ft Paved Bitumen Road Frontage,Full Chain-Link Perimeter & Gated Entry,Tier 2: SARFAESI Bank Distress Auction,Ghazipur Gazette: Ring Road Phase 2 Green Corridor Commercial Zone - Saidpur - Ghazipur Ganga Northern Bank...,Dainik Jagran Varanasi Edition,22 Oct 2026,Ring Road Phase 2 Green Corridor Commercial Zone,https://epaper.jagran.com/epaper/city/varanasi,"https://www.google.com/maps/dir/?api=1&origin=25.33750,82.98150&destination=25.54200,83.21500&travelmode=driving","https://www.google.com/maps/search/?api=1&query=25.54200,83.21500+(Saidpur+-+Ghazipur+Ganga+Northern+Bank+High+Yield+Farm)",Direct Landowner / Farmer,Bhrigu Vanshi Sharma,+91 96700 60051,https://wa.me/919670060051?text=Interested%20in%20Saidpur%20-%20Ghazipur%20Ganga%20Northern%20Bank%20High%20Yield%20Farm,0.717,Certified Sandalwood (Chandan) & Hass Avocado Plantation,89.9,"03 Oct 2026, 19:45 IST"
99,NO,Chakia - Chandaprabha Dam Irrigation Canal Holding,Chandauli,Uttar Pradesh,"Chakia Foothill Agro Belt, Chandauli",40 to 60 km,52.4,1h,Kacheri Varanasi near Varuna Pul (Collectorate / Court),40.3,10.0,16.0,320.0,320.0,40468.6,18.0,1.8,95,Rich Gangetic Alluvial Silt Loam,7.5,0.83,Perennial Deep Tubewell (Sweet Water Belt),161,223,Installed ✅,Dedicated 3-Phase Agro Line,Certified Sandalwood (Chandan) & Hass Avocado Plantation,VNR Bihi Giant Guava & Malihabad Dussehri Mango,"Kala Namak Scented Rice, Organic Mustard & Wheat",14.5,84,A+ Sovereign Grade,88,🟡 MINOR: Low Risk with Standard Operational Advisories,⚠️ Multi-Sharer Khatauni: Khatauni lists 3+ recorded co-tenants. Formal registered partition deed (Bantwara) under Section 116 UP Revenue Code must precede sale execution.,UP Bhulekh Section 34 Certified • IGRSUP 12-Yr Clear • Zero Jansunwai Disputes,UP Bhulekh Portal (Khatauni 12-Column Record Verified - Khasra 17/1),IGRSUP (UP Stamp & Registration) 12-Year Barah Sala Certificate #2018713: No subsisting registered mortgages or court attachments,"CGRMS Jansunwai Citizen Grievance Portal: Zero pending public nuisance or land encroachment disputes registered against Khasra Khatauni #627, Khasra 17/1","Khatauni #627, Khasra 17/1",Freehold Clear Title,UP Bhulekh Certified Khatauni,Allowed (Up to 10% Built-Up Permitted),18-ft Paved Bitumen Road Frontage,Full Chain-Link Perimeter & Gated Entry,Tier 1: Government Land Registry,Chandauli Gazette: Direct Landowner 12-Year Barah Sala Certified Freehold - Chakia - Chandaprabha Dam Irrigation C...,Purvanchal Agro-Forestry & Sandalwood Mission,04 Oct 2026,Direct Landowner 12-Year Barah Sala Certified Freehold,https://forest.up.gov.in/,"https://www.google.com/maps/dir/?api=1&origin=25.33750,82.98150&destination=25.04500,83.21800&travelmode=driving","https://www.google.com/maps/search/?api=1&query=25.04500,83.21800+(Chakia+-+Chandaprabha+Dam+Irrigation+Canal+Holding)",Managed Agro-Farm Developer,Rajeshwar Singh,+91 97879 35900,https://wa.me/919787935900?text=Interested%20in%20Chakia%20-%20Chandaprabha%20Dam%20Irrigation%20Canal%20Holding,0.785,Certified Sandalwood (Chandan) & Hass Avocado Plantation,92.3,"03 Oct 2026, 19:45 IST"
100,NO,Mariyahu - Jaunpur Scented Mustard & Pulses Holding,Jaunpur,Uttar Pradesh,"Mariyahu Tehsil Link, Jaunpur District",40 to 60 km,60.9,1h 10m,Kacheri Varanasi near Varuna Pul (Collectorate / Court),46.86,5.8,9.28,185.6,185.6,23471.8,21.0,1.22,87,Rich Gangetic Alluvial Silt Loam,7.5,0.92,Perennial Deep Tubewell (Sweet Water Belt),177,270,Installed ✅,Dedicated 3-Phase Agro Line,"Organic Medicinal Ashwagandha, Lemongrass & Floriculture",Papaya (Red Lady 786) & Pomegranate (Bhagwa),Basmati Rice & Golden Gram,11.0,88,A+ Sovereign Grade,100,🟢 PRISTINE: Zero Structural Negative Caveats Detected,"✅ Clean Environmental & Legal Audit: Clear alluvial soil profile, sweet perennial aquifer, unencumbered title, and direct paved road right-of-way.",UP Bhulekh Section 34 Certified • IGRSUP 12-Yr Clear • Zero Jansunwai Disputes,UP Bhulekh Portal (Khatauni 12-Column Record Verified - Khasra 106/1),IGRSUP (UP Stamp & Registration) 12-Year Barah Sala Certificate #2019974: No subsisting registered mortgages or court attachments,"CGRMS Jansunwai Citizen Grievance Portal: Zero pending public nuisance or land encroachment disputes registered against Khasra Khatauni #249, Khasra 106/1","Khatauni #249, Khasra 106/1",Freehold Clear Title,UP Bhulekh Certified Khatauni,Allowed (Up to 10% Built-Up Permitted),18-ft Paved Bitumen Road Frontage,Full Chain-Link Perimeter & Gated Entry,Tier 1: Government Land Registry,Jaunpur Gazette: PM-KUSUM Solar Tubewell Energization Gazette - Mariyahu - Jaunpur Scented Mustard & P...,Live Hindustan Purvanchal Agro Gazette,17 Sep 2026,PM-KUSUM Solar Tubewell Energization Gazette,https://www.livehindustan.com/uttar-pradesh/varanasi/,"https://www.google.com/maps/dir/?api=1&origin=25.33750,82.98150&destination=25.59500,82.61200&travelmode=driving","https://www.google.com/maps/search/?api=1&query=25.59500,82.61200+(Mariyahu+-+Jaunpur+Scented+Mustard+&+Pulses+Holding)",Direct Landowner / Farmer,Ashok Kumar Chaubey,+91 96585 91594,https://wa.me/919658591594?text=Interested%20in%20Mariyahu%20-%20Jaunpur%20Scented%20Mustard%20&%20Pulses%20Holding,0.695,"Organic Medicinal Ashwagandha, Lemongrass & Floriculture",90.8,"03 Oct 2026, 19:45 IST"
101,NO,Ghazipur Sadar - Opium Factory Heritage Agro Corridor,Ghazipur,Uttar Pradesh,"Ghazipur Sadar NH-31 Bypass, Ghazipur",60 to 80 km,81.1,1h 34m,Kacheri Varanasi near Varuna Pul (Collectorate / Court),66.46,9.0,14.4,288.0,288.0,36421.7,19.0,1.71,73,Rich Gangetic Alluvial Silt Loam,7.6,0.9,Perennial Deep Tubewell (Sweet Water Belt),209,183,Installed ✅,Dedicated 3-Phase Agro Line,"Organic Medicinal Ashwagandha, Lemongrass & Floriculture",Papaya (Red Lady 786) & Pomegranate (Bhagwa),Basmati Rice & Golden Gram,11.0,90,A Institutional Grade,86,🟡 MINOR: Low Risk with Standard Operational Advisories,⚠️ Low Plinth Inundation Risk: Elevation is 73.0m MSL (<74m benchmark). Parcel borders seasonal runoff catchment; potential 3-5 day water stagnation during peak monsoon.,UP Bhulekh Section 34 Certified • IGRSUP 12-Yr Clear • Zero Jansunwai Disputes,UP Bhulekh Portal (Khatauni 12-Column Record Verified - Khasra 13/1),IGRSUP (UP Stamp & Registration) 12-Year Barah Sala Certificate #2021466: No subsisting registered mortgages or court attachments,"CGRMS Jansunwai Citizen Grievance Portal: Zero pending public nuisance or land encroachment disputes registered against Khasra Khatauni #689, Khasra 13/1","Khatauni #689, Khasra 13/1",Freehold Clear Title,UP Bhulekh Certified Khatauni,Allowed (Up to 10% Built-Up Permitted),18-ft Paved Bitumen Road Frontage,Full Chain-Link Perimeter & Gated Entry,Tier 1: Government Land Registry,Ghazipur Gazette: SARFAESI Sec 13(4) Bank Recovery E-Auction Notice - Ghazipur Sadar - Opium Factory Heritag...,Dainik Jagran Varanasi Edition,21 Oct 2026,SARFAESI Sec 13(4) Bank Recovery E-Auction Notice,https://epaper.jagran.com/epaper/city/varanasi,"https://www.google.com/maps/dir/?api=1&origin=25.33750,82.98150&destination=25.58900,83.58200&travelmode=driving","https://www.google.com/maps/search/?api=1&query=25.58900,83.58200+(Ghazipur+Sadar+-+Opium+Factory+Heritage+Agro+Corridor)",Direct Landowner / Farmer,Bhrigu Vanshi Sharma,+91 94175 28579,https://wa.me/919417528579?text=Interested%20in%20Ghazipur%20Sadar%20-%20Opium%20Factory%20Heritage%20Agro%20Corridor,0.704,"Organic Medicinal Ashwagandha, Lemongrass & Floriculture",95.5,"03 Oct 2026, 19:45 IST"
102,NO,Zamania - Ganga Canal Commanded Alluvial Holding,Ghazipur,Uttar Pradesh,"Zamania Tehsil, Ghazipur District",40 to 60 km,77.0,1h 29m,Kacheri Varanasi near Varuna Pul (Collectorate / Court),59.24,12.0,19.2,384.0,384.0,48562.3,17.5,2.1,72,Rich Gangetic Alluvial Silt Loam,7.4,0.8,Perennial Deep Tubewell (Sweet Water Belt),180,246,Installed ✅,Dedicated 3-Phase Agro Line,Commercial Dragonfruit & Taiwanese Pink Guava Polyhouse,Banarasi Langra Mango Orchard & Seedless Lemon,Seasonal Export-Quality Green Vegetables & Baby Corn,12.0,89,A Institutional Grade,78,🟡 MINOR: Low Risk with Standard Operational Advisories,⚠️ Low Plinth Inundation Risk: Elevation is 72.0m MSL (<74m benchmark). Parcel borders seasonal runoff catchment; potential 3-5 day water stagnation during peak monsoon. • ⚠️ Chakbandi Alignment Check: Section 9 UP Consolidation notification in progress in adjoining revenue village. Physical total station (ETS) boundary demarcation recommended prior to registry.,UP Bhulekh Section 34 Certified • IGRSUP 12-Yr Clear • Zero Jansunwai Disputes,UP Bhulekh Portal (Khatauni 12-Column Record Verified - Khasra 57/1),IGRSUP (UP Stamp & Registration) 12-Year Barah Sala Certificate #2015510: No subsisting registered mortgages or court attachments,"CGRMS Jansunwai Citizen Grievance Portal: Zero pending public nuisance or land encroachment disputes registered against Khasra Khatauni #358, Khasra 57/1","Khatauni #358, Khasra 57/1",Freehold Clear Title,UP Bhulekh Certified Khatauni,Allowed (Up to 10% Built-Up Permitted),18-ft Paved Bitumen Road Frontage,Full Chain-Link Perimeter & Gated Entry,Tier 1: Government Land Registry,Ghazipur Gazette: Purvanchal Horticulture Export Hub Approved Estate - Zamania - Ganga Canal Commanded Alluvi...,Dainik Jagran Varanasi Edition,27 Sep 2026,Purvanchal Horticulture Export Hub Approved Estate,https://epaper.jagran.com/epaper/city/varanasi,"https://www.google.com/maps/dir/?api=1&origin=25.33750,82.98150&destination=25.43100,83.56200&travelmode=driving","https://www.google.com/maps/search/?api=1&query=25.43100,83.56200+(Zamania+-+Ganga+Canal+Commanded+Alluvial+Holding)",Direct Landowner / Farmer,Bhrigu Vanshi Sharma,+91 95529 64181,https://wa.me/919552964181?text=Interested%20in%20Zamania%20-%20Ganga%20Canal%20Commanded%20Alluvial%20Holding,0.779,Commercial Dragonfruit & Taiwanese Pink Guava Polyhouse,91.1,"03 Oct 2026, 19:45 IST"
103,NO,Machhlishahr - Jaunpur Purvanchal Pulses Cluster,Jaunpur,Uttar Pradesh,"Machhlishahr Tehsil, Jaunpur District",60 to 80 km,89.6,1h 43m,Kacheri Varanasi near Varuna Pul (Collectorate / Court),68.93,7.0,11.2,224.0,224.0,28328.0,19.5,1.36,89,Rich Gangetic Alluvial Silt Loam,7.3,0.91,Perennial Deep Tubewell (Sweet Water Belt),142,265,Installed ✅,Dedicated 3-Phase Agro Line,"Organic Medicinal Ashwagandha, Lemongrass & Floriculture",Papaya (Red Lady 786) & Pomegranate (Bhagwa),Basmati Rice & Golden Gram,11.0,98,A Institutional Grade,88,🟡 MINOR: Low Risk with Standard Operational Advisories,⚠️ Multi-Sharer Khatauni: Khatauni lists 3+ recorded co-tenants. Formal registered partition deed (Bantwara) under Section 116 UP Revenue Code must precede sale execution.,UP Bhulekh Section 34 Certified • IGRSUP 12-Yr Clear • Zero Jansunwai Disputes,UP Bhulekh Portal (Khatauni 12-Column Record Verified - Khasra 153/1),IGRSUP (UP Stamp & Registration) 12-Year Barah Sala Certificate #2017695: No subsisting registered mortgages or court attachments,"CGRMS Jansunwai Citizen Grievance Portal: Zero pending public nuisance or land encroachment disputes registered against Khasra Khatauni #856, Khasra 153/1","Khatauni #856, Khasra 153/1",Freehold Clear Title,UP Bhulekh Certified Khatauni,Allowed (Up to 10% Built-Up Permitted),18-ft Paved Bitumen Road Frontage,Full Chain-Link Perimeter & Gated Entry,Tier 1: Government Land Registry,Jaunpur Gazette: 30-Day Mutation & Title Caveat Cleared (Dispute-Free) - Machhlishahr - Jaunpur Purvanchal Puls...,UP Bhulekh Official Revenue Portal,05 Oct 2026,30-Day Mutation & Title Caveat Cleared (Dispute-Free),https://upbhulekh.gov.in/,"https://www.google.com/maps/dir/?api=1&origin=25.33750,82.98150&destination=25.68800,82.41500&travelmode=driving","https://www.google.com/maps/search/?api=1&query=25.68800,82.41500+(Machhlishahr+-+Jaunpur+Purvanchal+Pulses+Cluster)",Managed Agro-Farm Developer,Ashok Kumar Chaubey,+91 95553 52329,https://wa.me/919555352329?text=Interested%20in%20Machhlishahr%20-%20Jaunpur%20Purvanchal%20Pulses%20Cluster,0.831,"Organic Medicinal Ashwagandha, Lemongrass & Floriculture",89.8,"03 Oct 2026, 19:45 IST"
104,NO,Robertsganj - Sonbhadra Plateau Teak & Sandalwood Estate,Sonbhadra,Uttar Pradesh,"Robertsganj Highway Agro Belt, Sonbhadra",60 to 80 km,89.1,1h 43m,Kacheri Varanasi near Varuna Pul (Collectorate / Court),73.04,15.0,24.0,480.0,480.0,60702.8,14.0,2.1,310,Rich Gangetic Alluvial Silt Loam,7.3,0.79,Perennial Deep Tubewell (Sweet Water Belt),198,218,Installed ✅,Dedicated 3-Phase Agro Line,"Organic Medicinal Ashwagandha, Lemongrass & Floriculture",Papaya (Red Lady 786) & Pomegranate (Bhagwa),Basmati Rice & Golden Gram,11.0,88,A Institutional Grade,100,🟢 PRISTINE: Zero Structural Negative Caveats Detected,"✅ Clean Environmental & Legal Audit: Clear alluvial soil profile, sweet perennial aquifer, unencumbered title, and direct paved road right-of-way.",UP Bhulekh Section 34 Certified • IGRSUP 12-Yr Clear • Zero Jansunwai Disputes,UP Bhulekh Portal (Khatauni 12-Column Record Verified - Khasra 53/1),IGRSUP (UP Stamp & Registration) 12-Year Barah Sala Certificate #2014536: No subsisting registered mortgages or court attachments,"CGRMS Jansunwai Citizen Grievance Portal: Zero pending public nuisance or land encroachment disputes registered against Khasra Khatauni #582, Khasra 53/1","Khatauni #582, Khasra 53/1",Freehold Clear Title,UP Bhulekh Certified Khatauni,Allowed (Up to 10% Built-Up Permitted),18-ft Paved Bitumen Road Frontage,Full Chain-Link Perimeter & Gated Entry,Tier 1: Government Land Registry,Sonbhadra Gazette: Purvanchal Horticulture Export Hub Approved Estate - Robertsganj - Sonbhadra Plateau Teak &...,Purvanchal Agro-Forestry & Sandalwood Mission,06 Oct 2026,Purvanchal Horticulture Export Hub Approved Estate,https://forest.up.gov.in/,"https://www.google.com/maps/dir/?api=1&origin=25.33750,82.98150&destination=24.68500,83.06500&travelmode=driving","https://www.google.com/maps/search/?api=1&query=24.68500,83.06500+(Robertsganj+-+Sonbhadra+Plateau+Teak+&+Sandalwood+Estate)",Verified Agro Brokerage,Shailendra Kumar Maurya,+91 95142 55543,https://wa.me/919514255543?text=Interested%20in%20Robertsganj%20-%20Sonbhadra%20Plateau%20Teak%20&%20Sandalwood%20Estate,0.792,"Organic Medicinal Ashwagandha, Lemongrass & Floriculture",88.1,"03 Oct 2026, 19:45 IST"
105,NO,Lalganj - Mirzapur Southern Vindhya Plateau Agro Plot,Mirzapur,Uttar Pradesh,"Lalganj Tehsil, Mirzapur District",60 to 80 km,92.9,1h 47m,Kacheri Varanasi near Varuna Pul (Collectorate / Court),71.45,11.5,18.4,368.0,368.0,46538.8,15.0,1.73,145,Rich Gangetic Alluvial Silt Loam,7.1,0.88,Perennial Deep Tubewell (Sweet Water Belt),179,239,Installed ✅,Dedicated 3-Phase Agro Line,Teakwood Perimeter & High-Density Amla Plantation,Allahabad Surkha Guava & Sweet Lime (Mosambi),"Black Gram (Urad), Lentils & Pearl Millet",9.5,92,A Institutional Grade,100,🟢 PRISTINE: Zero Structural Negative Caveats Detected,"✅ Clean Environmental & Legal Audit: Clear alluvial soil profile, sweet perennial aquifer, unencumbered title, and direct paved road right-of-way.",UP Bhulekh Section 34 Certified • IGRSUP 12-Yr Clear • Zero Jansunwai Disputes,UP Bhulekh Portal (Khatauni 12-Column Record Verified - Khasra 33/1),IGRSUP (UP Stamp & Registration) 12-Year Barah Sala Certificate #2018488: No subsisting registered mortgages or court attachments,"CGRMS Jansunwai Citizen Grievance Portal: Zero pending public nuisance or land encroachment disputes registered against Khasra Khatauni #734, Khasra 33/1","Khatauni #734, Khasra 33/1",Freehold Clear Title,UP Bhulekh Certified Khatauni,Allowed (Up to 10% Built-Up Permitted),18-ft Paved Bitumen Road Frontage,Full Chain-Link Perimeter & Gated Entry,Tier 1: Government Land Registry,Mirzapur Gazette: 30-Day Mutation & Title Caveat Cleared (Dispute-Free) - Lalganj - Mirzapur Southern Vindhya Pl...,National Highway & Ring Road Agro Development Bulletin,16 Sep 2026,30-Day Mutation & Title Caveat Cleared (Dispute-Free),https://nhai.gov.in/,"https://www.google.com/maps/dir/?api=1&origin=25.33750,82.98150&destination=25.03500,82.35500&travelmode=driving","https://www.google.com/maps/search/?api=1&query=25.03500,82.35500+(Lalganj+-+Mirzapur+Southern+Vindhya+Plateau+Agro+Plot)",Verified Agro Brokerage,Devendra Nath Pandey,+91 97541 94780,https://wa.me/919754194780?text=Interested%20in%20Lalganj%20-%20Mirzapur%20Southern%20Vindhya%20Plateau%20Agro%20Plot,0.743,Teakwood Perimeter & High-Density Amla Plantation,90.7,"03 Oct 2026, 19:45 IST"
106,NO,Handia - Prayagraj Border NH-19 Fertile Farm,Prayagraj,Uttar Pradesh,"Handia Tehsil, Prayagraj District",80 to 100 km,104.1,2h,Kacheri Varanasi near Varuna Pul (Collectorate / Court),80.07,6.8,10.88,217.6,217.6,27518.6,26.0,1.77,92,Rich Gangetic Alluvial Silt Loam,7.3,0.78,Perennial Deep Tubewell (Sweet Water Belt),196,229,Installed ✅,Dedicated 3-Phase Agro Line,Export Polyhouse Dutch Roses & Hydroponic Greens,Litchi & High-Density Guava,"Mustard, Wheat & Chickpeas",16.0,87,A+ Sovereign Grade,88,🟡 MINOR: Low Risk with Standard Operational Advisories,⚠️ Multi-Sharer Khatauni: Khatauni lists 3+ recorded co-tenants. Formal registered partition deed (Bantwara) under Section 116 UP Revenue Code must precede sale execution.,UP Bhulekh Section 34 Certified • IGRSUP 12-Yr Clear • Zero Jansunwai Disputes,UP Bhulekh Portal (Khatauni 12-Column Record Verified - Khasra 72/1),IGRSUP (UP Stamp & Registration) 12-Year Barah Sala Certificate #2025780: No subsisting registered mortgages or court attachments,"CGRMS Jansunwai Citizen Grievance Portal: Zero pending public nuisance or land encroachment disputes registered against Khasra Khatauni #340, Khasra 72/1","Khatauni #340, Khasra 72/1",Freehold Clear Title,UP Bhulekh Certified Khatauni,Allowed (Up to 10% Built-Up Permitted),18-ft Paved Bitumen Road Frontage,Full Chain-Link Perimeter & Gated Entry,Tier 1: Government Land Registry,Prayagraj Gazette: 30-Day Mutation & Title Caveat Cleared (Dispute-Free) - Handia - Prayagraj Border NH-19 Fertil...,Amar Ujala Kashi Bulletin,21 Oct 2026,30-Day Mutation & Title Caveat Cleared (Dispute-Free),https://epaper.amarujala.com/varanasi,"https://www.google.com/maps/dir/?api=1&origin=25.33750,82.98150&destination=25.35800,82.18500&travelmode=driving","https://www.google.com/maps/search/?api=1&query=25.35800,82.18500+(Handia+-+Prayagraj+Border+NH-19+Fertile+Farm)",Verified Agro Brokerage,Bhrigu Vanshi Sharma,+91 97048 16611,https://wa.me/919704816611?text=Interested%20in%20Handia%20-%20Prayagraj%20Border%20NH-19%20Fertile%20Farm,0.831,Export Polyhouse Dutch Roses & Hydroponic Greens,92.3,"03 Oct 2026, 19:45 IST"
107,NO,Azamgarh Sadar - Purvanchal Expressway Agro Link,Azamgarh,Uttar Pradesh,"Purvanchal Expressway KM-220, Azamgarh",80 to 100 km,102.2,1h 58m,Kacheri Varanasi near Varuna Pul (Collectorate / Court),83.75,10.5,16.8,336.0,336.0,42492.0,18.0,1.89,82,Rich Gangetic Alluvial Silt Loam,7.4,0.84,Perennial Deep Tubewell (Sweet Water Belt),188,188,Installed ✅,Dedicated 3-Phase Agro Line,Certified Sandalwood (Chandan) & Hass Avocado Plantation,VNR Bihi Giant Guava & Malihabad Dussehri Mango,"Kala Namak Scented Rice, Organic Mustard & Wheat",14.5,92,A Institutional Grade,100,🟢 PRISTINE: Zero Structural Negative Caveats Detected,"✅ Clean Environmental & Legal Audit: Clear alluvial soil profile, sweet perennial aquifer, unencumbered title, and direct paved road right-of-way.",UP Bhulekh Section 34 Certified • IGRSUP 12-Yr Clear • Zero Jansunwai Disputes,UP Bhulekh Portal (Khatauni 12-Column Record Verified - Khasra 131/1),IGRSUP (UP Stamp & Registration) 12-Year Barah Sala Certificate #2023000: No subsisting registered mortgages or court attachments,"CGRMS Jansunwai Citizen Grievance Portal: Zero pending public nuisance or land encroachment disputes registered against Khasra Khatauni #621, Khasra 131/1","Khatauni #621, Khasra 131/1",Freehold Clear Title,UP Bhulekh Certified Khatauni,Allowed (Up to 10% Built-Up Permitted),18-ft Paved Bitumen Road Frontage,Full Chain-Link Perimeter & Gated Entry,Tier 1: Government Land Registry,Azamgarh Gazette: Direct Landowner 12-Year Barah Sala Certified Freehold - Azamgarh Sadar - Purvanchal Expressway...,State Bank of India SARB Varanasi E-Auction,09 Oct 2026,Direct Landowner 12-Year Barah Sala Certified Freehold,https://ibapi.in/,"https://www.google.com/maps/dir/?api=1&origin=25.33750,82.98150&destination=26.06800,83.18500&travelmode=driving","https://www.google.com/maps/search/?api=1&query=26.06800,83.18500+(Azamgarh+Sadar+-+Purvanchal+Expressway+Agro+Link)",Managed Agro-Farm Developer,Bhrigu Vanshi Sharma,+91 97385 26014,https://wa.me/919738526014?text=Interested%20in%20Azamgarh%20Sadar%20-%20Purvanchal%20Expressway%20Agro%20Link,0.814,Certified Sandalwood (Chandan) & Hass Avocado Plantation,90.2,"03 Oct 2026, 19:45 IST"
108,NO,Lalganj - Azamgarh Sweet Groundwater Dairy & Fodder Farm,Azamgarh,Uttar Pradesh,"Lalganj Tehsil, Azamgarh District",60 to 80 km,86.4,1h 40m,Kacheri Varanasi near Varuna Pul (Collectorate / Court),66.46,8.0,12.8,256.0,256.0,32374.9,17.0,1.36,84,Rich Gangetic Alluvial Silt Loam,7.6,0.88,Perennial Deep Tubewell (Sweet Water Belt),148,250,Installed ✅,Dedicated 3-Phase Agro Line,Certified Sandalwood (Chandan) & Hass Avocado Plantation,VNR Bihi Giant Guava & Malihabad Dussehri Mango,"Kala Namak Scented Rice, Organic Mustard & Wheat",14.5,96,A+ Sovereign Grade,90,🟢 PRISTINE: Zero Structural Negative Caveats Detected,⚠️ Overhead HT Power Line: 132kV UPPTCL regional feeder traverses parcel perimeter. 15-metre buffer zone mandates tree height restriction (<4 metres) directly underneath.,UP Bhulekh Section 34 Certified • IGRSUP 12-Yr Clear • Zero Jansunwai Disputes,UP Bhulekh Portal (Khatauni 12-Column Record Verified - Khasra 12/1),IGRSUP (UP Stamp & Registration) 12-Year Barah Sala Certificate #2017092: No subsisting registered mortgages or court attachments,"CGRMS Jansunwai Citizen Grievance Portal: Zero pending public nuisance or land encroachment disputes registered against Khasra Khatauni #383, Khasra 12/1","Khatauni #383, Khasra 12/1",Freehold Clear Title,UP Bhulekh Certified Khatauni,Allowed (Up to 10% Built-Up Permitted),18-ft Paved Bitumen Road Frontage,Full Chain-Link Perimeter & Gated Entry,Tier 1: Government Land Registry,Azamgarh Gazette: PM-KUSUM Solar Tubewell Energization Gazette - Lalganj - Azamgarh Sweet Groundwater D...,Live Hindustan Purvanchal Agro Gazette,24 Sep 2026,PM-KUSUM Solar Tubewell Energization Gazette,https://www.livehindustan.com/uttar-pradesh/varanasi/,"https://www.google.com/maps/dir/?api=1&origin=25.33750,82.98150&destination=25.93500,82.96500&travelmode=driving","https://www.google.com/maps/search/?api=1&query=25.93500,82.96500+(Lalganj+-+Azamgarh+Sweet+Groundwater+Dairy+&+Fodder+Farm)",Verified Agro Brokerage,Rajeshwar Singh,+91 98217 96655,https://wa.me/919821796655?text=Interested%20in%20Lalganj%20-%20Azamgarh%20Sweet%20Groundwater%20Dairy%20&%20Fodder%20Farm,0.685,Certified Sandalwood (Chandan) & Hass Avocado Plantation,94.9,"03 Oct 2026, 19:45 IST"
109,NO,Mohammadabad Gohna - Mau Handloom & Agro Fringe,Mau,Uttar Pradesh,"Mohammadabad Gohna Tehsil, Mau District",80 to 100 km,113.7,2h 11m,Kacheri Varanasi near Varuna Pul (Collectorate / Court),87.47,7.2,11.52,230.4,230.4,29137.4,16.5,1.19,78,Rich Gangetic Alluvial Silt Loam,7.4,0.78,Perennial Deep Tubewell (Sweet Water Belt),199,187,Installed ✅,Dedicated 3-Phase Agro Line,"Organic Medicinal Ashwagandha, Lemongrass & Floriculture",Papaya (Red Lady 786) & Pomegranate (Bhagwa),Basmati Rice & Golden Gram,11.0,85,A+ Sovereign Grade,90,🟢 PRISTINE: Zero Structural Negative Caveats Detected,⚠️ Overhead HT Power Line: 132kV UPPTCL regional feeder traverses parcel perimeter. 15-metre buffer zone mandates tree height restriction (<4 metres) directly underneath.,UP Bhulekh Section 34 Certified • IGRSUP 12-Yr Clear • Zero Jansunwai Disputes,UP Bhulekh Portal (Khatauni 12-Column Record Verified - Khasra 105/1),IGRSUP (UP Stamp & Registration) 12-Year Barah Sala Certificate #2026488: No subsisting registered mortgages or court attachments,"CGRMS Jansunwai Citizen Grievance Portal: Zero pending public nuisance or land encroachment disputes registered against Khasra Khatauni #943, Khasra 105/1","Khatauni #943, Khasra 105/1",Freehold Clear Title,UP Bhulekh Certified Khatauni,Allowed (Up to 10% Built-Up Permitted),18-ft Paved Bitumen Road Frontage,Full Chain-Link Perimeter & Gated Entry,Tier 1: Government Land Registry,Mau Gazette: UP Bhulekh Section 34 Dakhil-Kharij Certified RTC - Mohammadabad Gohna - Mau Handloom & Ag...,Amar Ujala Kashi Bulletin,02 Oct 2026,UP Bhulekh Section 34 Dakhil-Kharij Certified RTC,https://epaper.amarujala.com/varanasi,"https://www.google.com/maps/dir/?api=1&origin=25.33750,82.98150&destination=26.03500,83.38500&travelmode=driving","https://www.google.com/maps/search/?api=1&query=26.03500,83.38500+(Mohammadabad+Gohna+-+Mau+Handloom+&+Agro+Fringe)",Managed Agro-Farm Developer,Bhrigu Vanshi Sharma,+91 96008 89837,https://wa.me/919600889837?text=Interested%20in%20Mohammadabad%20Gohna%20-%20Mau%20Handloom%20&%20Agro%20Fringe,0.75,"Organic Medicinal Ashwagandha, Lemongrass & Floriculture",90.7,"03 Oct 2026, 19:45 IST"
110,NO,Phulpur - Prayagraj IFFCO Agro Chemical Free Buffer,Prayagraj,Uttar Pradesh,"Phulpur Tehsil, Prayagraj District",80 to 100 km,120.8,2h 19m,Kacheri Varanasi near Varuna Pul (Collectorate / Court),92.93,9.5,15.2,304.0,304.0,38445.1,22.0,2.09,95,Rich Gangetic Alluvial Silt Loam,7.6,0.83,Perennial Deep Tubewell (Sweet Water Belt),187,188,Installed ✅,Dedicated 3-Phase Agro Line,Export Polyhouse Dutch Roses & Hydroponic Greens,Litchi & High-Density Guava,"Mustard, Wheat & Chickpeas",16.0,84,A+ Sovereign Grade,88,🟡 MINOR: Low Risk with Standard Operational Advisories,⚠️ Multi-Sharer Khatauni: Khatauni lists 3+ recorded co-tenants. Formal registered partition deed (Bantwara) under Section 116 UP Revenue Code must precede sale execution.,UP Bhulekh Section 34 Certified • IGRSUP 12-Yr Clear • Zero Jansunwai Disputes,UP Bhulekh Portal (Khatauni 12-Column Record Verified - Khasra 116/1),IGRSUP (UP Stamp & Registration) 12-Year Barah Sala Certificate #2015392: No subsisting registered mortgages or court attachments,"CGRMS Jansunwai Citizen Grievance Portal: Zero pending public nuisance or land encroachment disputes registered against Khasra Khatauni #404, Khasra 116/1","Khatauni #404, Khasra 116/1",Freehold Clear Title,UP Bhulekh Certified Khatauni,Allowed (Up to 10% Built-Up Permitted),18-ft Paved Bitumen Road Frontage,Full Chain-Link Perimeter & Gated Entry,Tier 1: Government Land Registry,Prayagraj Gazette: Direct Landowner 12-Year Barah Sala Certified Freehold - Phulpur - Prayagraj IFFCO Agro Chemica...,UP Bhulekh Official Revenue Portal,04 Sep 2026,Direct Landowner 12-Year Barah Sala Certified Freehold,https://upbhulekh.gov.in/,"https://www.google.com/maps/dir/?api=1&origin=25.33750,82.98150&destination=25.54500,82.08500&travelmode=driving","https://www.google.com/maps/search/?api=1&query=25.54500,82.08500+(Phulpur+-+Prayagraj+IFFCO+Agro+Chemical+Free+Buffer)",Verified Agro Brokerage,Ashok Kumar Chaubey,+91 96052 24814,https://wa.me/919605224814?text=Interested%20in%20Phulpur%20-%20Prayagraj%20IFFCO%20Agro%20Chemical%20Free%20Buffer,0.777,Export Polyhouse Dutch Roses & Hydroponic Greens,91.8,"03 Oct 2026, 19:45 IST"
111,NO,Buxar - Ganga Alluvial Kattha Rice Bowl (Bihar Border),Buxar,Bihar,"Buxar Ganga Basin Corridor, Bihar Border",100 to 200 km Buffer,135.5,2h 36m,Kacheri Varanasi near Varuna Pul (Collectorate / Court),104.24,14.0,22.4,448.0,448.0,56656.0,16.0,2.24,68,Rich Gangetic Alluvial Silt Loam,7.3,0.8,Perennial Deep Tubewell (Sweet Water Belt),148,194,Installed ✅,Dedicated 3-Phase Agro Line,Certified Sandalwood (Chandan) & Hass Avocado Plantation,VNR Bihi Giant Guava & Malihabad Dussehri Mango,"Kala Namak Scented Rice, Organic Mustard & Wheat",14.5,86,A+ Sovereign Grade,86,🟡 MINOR: Low Risk with Standard Operational Advisories,⚠️ Low Plinth Inundation Risk: Elevation is 68.0m MSL (<74m benchmark). Parcel borders seasonal runoff catchment; potential 3-5 day water stagnation during peak monsoon.,UP Bhulekh Section 34 Certified • IGRSUP 12-Yr Clear • Zero Jansunwai Disputes,UP Bhulekh Portal (Khatauni 12-Column Record Verified - Khasra 25/1),IGRSUP (UP Stamp & Registration) 12-Year Barah Sala Certificate #2026367: No subsisting registered mortgages or court attachments,"CGRMS Jansunwai Citizen Grievance Portal: Zero pending public nuisance or land encroachment disputes registered against Khasra Khatauni #929, Khasra 25/1","Khatauni #929, Khasra 25/1",Freehold Clear Title,UP Bhulekh Certified Khatauni,Allowed (Up to 10% Built-Up Permitted),18-ft Paved Bitumen Road Frontage,Full Chain-Link Perimeter & Gated Entry,Tier 1: Government Land Registry,Buxar Gazette: Direct Landowner 12-Year Barah Sala Certified Freehold - Buxar - Ganga Alluvial Kattha Rice Bow...,Live Hindustan Purvanchal Agro Gazette,22 Sep 2026,Direct Landowner 12-Year Barah Sala Certified Freehold,https://www.livehindustan.com/uttar-pradesh/varanasi/,"https://www.google.com/maps/dir/?api=1&origin=25.33750,82.98150&destination=25.57800,83.98500&travelmode=driving","https://www.google.com/maps/search/?api=1&query=25.57800,83.98500+(Buxar+-+Ganga+Alluvial+Kattha+Rice+Bowl+(Bihar+Border))",Managed Agro-Farm Developer,Devendra Nath Pandey,+91 94561 46291,https://wa.me/919456146291?text=Interested%20in%20Buxar%20-%20Ganga%20Alluvial%20Kattha%20Rice%20Bowl%20(Bihar%20Border),0.757,Certified Sandalwood (Chandan) & Hass Avocado Plantation,90.8,"03 Oct 2026, 19:45 IST"
112,NO,Kaimur - Mohania GT Road Canal Irrigated Farmland,Kaimur,Bihar,"Mohania Bypass Agro Belt, Kaimur (Bihar)",60 to 80 km,87.1,1h 40m,Kacheri Varanasi near Varuna Pul (Collectorate / Court),67.02,12.5,20.0,400.0,400.0,50585.7,15.5,1.94,76,Rich Gangetic Alluvial Silt Loam,7.3,0.74,Perennial Deep Tubewell (Sweet Water Belt),220,228,Installed ✅,Dedicated 3-Phase Agro Line,Commercial Dragonfruit & Taiwanese Pink Guava Polyhouse,Banarasi Langra Mango Orchard & Seedless Lemon,Seasonal Export-Quality Green Vegetables & Baby Corn,12.0,92,A+ Sovereign Grade,90,🟢 PRISTINE: Zero Structural Negative Caveats Detected,⚠️ Overhead HT Power Line: 132kV UPPTCL regional feeder traverses parcel perimeter. 15-metre buffer zone mandates tree height restriction (<4 metres) directly underneath.,UP Bhulekh Section 34 Certified • IGRSUP 12-Yr Clear • Zero Jansunwai Disputes,UP Bhulekh Portal (Khatauni 12-Column Record Verified - Khasra 51/1),IGRSUP (UP Stamp & Registration) 12-Year Barah Sala Certificate #2016643: No subsisting registered mortgages or court attachments,"CGRMS Jansunwai Citizen Grievance Portal: Zero pending public nuisance or land encroachment disputes registered against Khasra Khatauni #785, Khasra 51/1","Khatauni #785, Khasra 51/1",Freehold Clear Title,UP Bhulekh Certified Khatauni,Allowed (Up to 10% Built-Up Permitted),18-ft Paved Bitumen Road Frontage,Full Chain-Link Perimeter & Gated Entry,Tier 2: SARFAESI Bank Distress Auction,Kaimur Gazette: PM-KUSUM Solar Tubewell Energization Gazette - Kaimur - Mohania GT Road Canal Irrigat...,State Bank of India SARB Varanasi E-Auction,03 Sep 2026,PM-KUSUM Solar Tubewell Energization Gazette,https://ibapi.in/,"https://www.google.com/maps/dir/?api=1&origin=25.33750,82.98150&destination=25.16800,83.62100&travelmode=driving","https://www.google.com/maps/search/?api=1&query=25.16800,83.62100+(Kaimur+-+Mohania+GT+Road+Canal+Irrigated+Farmland)",Verified Agro Brokerage,Rajeshwar Singh,+91 97895 34170,https://wa.me/919789534170?text=Interested%20in%20Kaimur%20-%20Mohania%20GT%20Road%20Canal%20Irrigated%20Farmland,0.84,Commercial Dragonfruit & Taiwanese Pink Guava Polyhouse,93.5,"03 Oct 2026, 19:45 IST"
